-- phpMyAdmin SQL Dump
-- version 4.8.4
-- https://www.phpmyadmin.net/
--
-- Host: 127.0.0.1
-- Generation Time: 10-Set-2019 às 22:50
-- Versão do servidor: 5.6.45-log
-- versão do PHP: 7.3.1

SET SQL_MODE = "NO_AUTO_VALUE_ON_ZERO";
SET AUTOCOMMIT = 0;
START TRANSACTION;
SET time_zone = "+00:00";


/*!40101 SET @OLD_CHARACTER_SET_CLIENT=@@CHARACTER_SET_CLIENT */;
/*!40101 SET @OLD_CHARACTER_SET_RESULTS=@@CHARACTER_SET_RESULTS */;
/*!40101 SET @OLD_COLLATION_CONNECTION=@@COLLATION_CONNECTION */;
/*!40101 SET NAMES utf8mb4 */;

--
-- Database: `livraria`
--

-- --------------------------------------------------------

--
-- Estrutura da tabela `autor`
--

CREATE TABLE `autor` (
  `id` int(11) NOT NULL,
  `nome` varchar(255) NOT NULL
) ENGINE=InnoDB DEFAULT CHARSET=latin1;

--
-- Extraindo dados da tabela `autor`
--

INSERT INTO `autor` (`id`, `nome`) VALUES
(1, 'Mosantos de Vilar dos Telles'),
(2, 'Jonas Guanabara da Silva'),
(3, 'Joselito de Cascatinha'),
(4, 'Luis Boça'),
(5, 'Charlinho Menino Guerreiro'),
(6, 'Dona Maxima'),
(7, 'Doutor Lincon'),
(8, 'Linhares'),
(9, 'Jonny Boganville'),
(10, ' Jimmy Leroy'),
(11, 'Professor Gilmar'),
(12, 'Padre Quemedo'),
(13, 'Lagreca'),
(14, 'Dedé Carvoeiro'),
(15, 'Carlos Carne'),
(16, 'Seu Madruga'),
(17, 'Teste 123');

-- --------------------------------------------------------

--
-- Estrutura da tabela `autor_livro`
--

CREATE TABLE `autor_livro` (
  `id` int(11) NOT NULL,
  `autor_id` int(11) NOT NULL,
  `livro_id` int(11) NOT NULL
) ENGINE=InnoDB DEFAULT CHARSET=latin1;

--
-- Extraindo dados da tabela `autor_livro`
--

INSERT INTO `autor_livro` (`id`, `autor_id`, `livro_id`) VALUES
(1, 1, 2),
(8, 1, 4),
(9, 1, 5),
(10, 1, 6),
(2, 2, 1),
(24, 2, 10),
(3, 3, 1),
(16, 3, 3),
(11, 3, 6),
(25, 3, 10),
(17, 4, 3),
(18, 5, 3),
(12, 5, 6),
(13, 5, 7),
(20, 11, 8),
(21, 12, 8),
(22, 14, 8),
(23, 16, 8),
(15, 16, 9);

-- --------------------------------------------------------

--
-- Estrutura da tabela `cliente`
--

CREATE TABLE `cliente` (
  `id` int(11) NOT NULL,
  `nome` varchar(255) NOT NULL,
  `cpf` varchar(11) NOT NULL,
  `telefone` varchar(20) NOT NULL
) ENGINE=InnoDB DEFAULT CHARSET=latin1;

--
-- Extraindo dados da tabela `cliente`
--

INSERT INTO `cliente` (`id`, `nome`, `cpf`, `telefone`) VALUES
(1, 'Steven Beagle', '33554488662', '219999999'),
(2, 'Dudu Marchiori', '78945873215', '2155555555'),
(3, 'Adilson Polloskki', '32145675395', '1166666666'),
(4, 'Kiko', '12345678999', '2154355646');

-- --------------------------------------------------------

--
-- Estrutura da tabela `conta_corrente`
--

CREATE TABLE `conta_corrente` (
  `id` int(11) NOT NULL,
  `saldo` decimal(6,2) NOT NULL,
  `cliente_id` int(11) NOT NULL
) ENGINE=InnoDB DEFAULT CHARSET=utf8 COLLATE=utf8_unicode_ci;

--
-- Extraindo dados da tabela `conta_corrente`
--

INSERT INTO `conta_corrente` (`id`, `saldo`, `cliente_id`) VALUES
(1, '1000.00', 1),
(2, '200.00', 2);

-- --------------------------------------------------------

--
-- Estrutura da tabela `editora`
--

CREATE TABLE `editora` (
  `id` int(11) NOT NULL,
  `nome` varchar(255) NOT NULL,
  `website` varchar(255) NOT NULL,
  `cnpj` varchar(14) NOT NULL,
  `endereco` varchar(255) NOT NULL
) ENGINE=InnoDB DEFAULT CHARSET=latin1;

--
-- Extraindo dados da tabela `editora`
--

INSERT INTO `editora` (`id`, `nome`, `website`, `cnpj`, `endereco`) VALUES
(1, 'Editora Organizações Tabajara', 'http://www.tabajara-livros.com.br', '66968328000104', '545345345'),
(2, 'Editora Mosantos LTDA', 'http://www.editora-mosantos.com.br', '80880262000127', ''),
(3, 'Editora Top das Galaxias', 'http://www.w3.org/Addressing/URL/url-spec.txt', '36215975395', ''),
(4, 'EDITORA VILA 8', 'www.vila8.org', '1654984546549', ''),
(5, 'tabajar', 'www.sdfsdf.com', '23423432', 'rua legal'),
(6, 'werwerwerwe', 'www.sdfsdf.com', '23423432', 'rua legal'),
(7, 'douglas', 'www.sdfsdf.com', '23423432', 'rua legal');

-- --------------------------------------------------------

--
-- Estrutura da tabela `foto`
--

CREATE TABLE `foto` (
  `id` int(11) NOT NULL,
  `binario` blob NOT NULL,
  `mimetype` varchar(255) COLLATE utf8_unicode_ci NOT NULL,
  `funcionario_id` int(11) NOT NULL
) ENGINE=InnoDB DEFAULT CHARSET=utf8 COLLATE=utf8_unicode_ci;

--
-- Extraindo dados da tabela `foto`
--

INSERT INTO `foto` (`id`, `binario`, `mimetype`, `funcionario_id`) VALUES
(1, 0xffd8ffe000104a46494600010200000100010000fffe00042a00ffe2021c4943435f50524f46494c450001010000020c6c636d73021000006d6e74725247422058595a2007dc00010019000300290039616373704150504c0000000000000000000000000000000000000000000000000000f6d6000100000000d32d6c636d7300000000000000000000000000000000000000000000000000000000000000000000000000000000000000000000000a64657363000000fc0000005e637072740000015c0000000b777470740000016800000014626b70740000017c000000147258595a00000190000000146758595a000001a4000000146258595a000001b80000001472545243000001cc0000004067545243000001cc0000004062545243000001cc0000004064657363000000000000000363320000000000000000000000000000000000000000000000000000000000000000000000000000000000000000000000000000000000000000000000000000000000000000000000000000000000000000000074657874000000004642000058595a20000000000000f6d6000100000000d32d58595a20000000000000031600000333000002a458595a200000000000006fa2000038f50000039058595a2000000000000062990000b785000018da58595a2000000000000024a000000f840000b6cf63757276000000000000001a000000cb01c903630592086b0bf6103f15511b3421f1299032183b92460551775ded6b707a0589b19a7cac69bf7dd3c3e930ffffffdb004300080606070605080707070909080a0c140d0c0b0b0c1912130f141d1a1f1e1d1a1c1c20242e2720222c231c1c2837292c30313434341f27393d38323c2e333432ffdb0043010909090c0b0c180d0d1832211c213232323232323232323232323232323232323232323232323232323232323232323232323232323232323232323232323232ffc2001108023201c303002200011101021101ffc4001b00000301010101010000000000000000000102030004050607ffc4001801010101010100000000000000000000000001020304ffc4001801010101010100000000000000000000000001020304ffda000c03000001110211000001f96d8f9bb0e6e9e7a520dd123285650d635095d9ae508d95464514c06b4ec10992dcd748d31002fcfae3d4f47e7fd65a2bd73ae41418df3f3bf3d8c674b0de16ceb02232b28b8eb003800eb1436a4cd8e820e71b9fa39c438eb7b606564a6a4ed0336cd5c500a468311586958d21b7c710d722aad9d100ae46c808074f579545f729e5f573e9c9cf58db474687acdf370c25c08b06d81b0a6031b0c9b0d5d38ece342f0a4c45d6d8a846146f0bc61933726da03b5602372d3cdbe4bac599b95520285a6129908eac566b6416f005c4e99e9539f1ba0e81cf7c7d0dac54a242865d143644cc2c01850c71d3b6ce342f0a5075d0232e422c6a49a5cbb5a0e015d2d6066b6b90252532a4c4c5ac22b2ce9361bc120c665c55a54554ec9cbcb5096753f3df9f5b15d8db60651b04c8cb40ec00c2971160db1d5b6ce342f1a4045d956549b21de18a19b62ba56513b33ea6f965273417d9dce759d93a1ad4a7d114966dac0389b369a04986e8e571e1d72b397aa223b84db9766c8169908d800804c08329d499b59d1b6ce346d1a9e06eca3049664de73a3b5b612a9d6df1c0917119d36cd9d2eaf54dc6bdf2e5e8f2e5e9f2ef9708b2f4e12d5162be7967aab0331332d2c94ebb595a73367575539e87008c5304ae182e1c003e4c7511b3930b46a6c0dd8d94452bbc974a2856462955dbc66c251a8d2a5edddcbd11eba5387a927d1b378b93d5e5de7ca8fa5c9d7cfcdaa9ae4ad9d5032a6270a761a6e37ce71bcb50bcedcf69aa26e79c2262b470c846d472e3b76dce68d6549b6bb0857502b0b33a94522bac3956354aab77276f2f42f513c3d39d699d12cf2a73f604f2f8fd7e4e9cfc69f4cbbf964d37469512e4e4c164c8cd365cadb78e6e89ecde8c372ec0301730a50da943044cdaceadb67225590830d6946d4015b965cdacb512b724ed2eb73fa98eb7ec4bf9fd6159b3bcf9c6aabae5b04e6e2f4f96e7c2e6f4bccf47962b7e7df12f37266a9620a2884687695964289658cdb8f62bb001061856270bb63a76d31a36893465d680db4cac2e15d6972f50d6b735349d5ea7376f1f55dd6dc3d03365ce186a2bd8cca6c13a8b3c7f1be93c3e9c78087ede681bcaca4fa024968c90e7efe354bf3da528f3b03a3f2ea31d34b8aa6c351c0070d67591b10c6b2a88c35411ab2b2dc1a4ed658192a77737a135d3d71e8e1eab5674e7d49273acf9c2c5b510b0b95cca43c5f7fcede3e7e7797a3c964cd79878d2c4cd12fc95990761284cc99d5b9f5c1863615b54f381730b17363a36d33a55891565ddc43226235936950a46923afd1e5f471d5ee83976e97e5135d55f3c9ea57cbea3b8c28ad974ac09123d0967caf37b9f3fdb82b4e7d3cfd012696459d8e67a2f3ca4de6c5765c74a198c74ae9e1c2e180c6db59d1b699d2b48e70c9bb995ec5045c3323b45494f4fd1e1f439fa299f9f37b29e3aef9fb73f33b66b47d232f9dd2f197aadc5d58e972a2699123637ccfb9e4f5e3e64291e9e77c8f721460e50955000d372a51f1d49071bcaea60c05db5831d5d241ce74e9222186aad277b253b4b58665754e8974af7fa3e7fa5c7d57e5ec38df83cbf41e6f5e1c91f6b82e67df0f50ed097cef9ed3bf3e8caeb370e6e86d73f397d5e6e9cfe5b9bdef077c6246d6302a98ae1b0606d95e895e7d01233bd861946306160db1d2469932a2100c3552f0aea343a2173a92e82cfb67a76fa1e77773f4f6df9fa39761cfdcb73e76ec4e9c62e4d8dd907cd97473f46374e7e8e4ce97a043af1f33cbf7bc7df3e2e6efb6f9788b54d61432836c86b279a464a14aad39f550da55c40a18001162e6d5d381ce723a5430368196cba2575995644e8b73526bd2eee3ebe5ecebeae4e9e7d7a99290897333ccf6d6491e06bc6d29e6b49292bcf78e64bcf78e1e4f592cf1b8fe863ac7cf4ecdae5c1b0d7324197567d134e54f3ec76d001c0c45986c6072576cc14c96c801a6c359ad1d734475296e3ec5f57ab97ab8fb7aba79ba31d7a690a454cf252623219842d68744d4e549274b46b62a740ae7d7110875f3af93e2fd2797d79784287b78e6d4a66a501c6ce194e18397040011859b6c5950b051e6486db623502a6e032143d9c5d4d7b1d5cbd5c7d9d76e7a63af43f383a5399ee5e4652dc638d5ef0ae753e7bf2d5adc76d63adf9ad4ea1254e5b72cd43caeff2ba7089c75c1430942bea9960836c6d80cb85846c6db0a575c3a151063b8032b381166d89ad127bfd7e7f7f2f57432363ae3a8ae50e75b9fa2361b70746a7a158b63a4f9db922cfcfd170d5e53a9da9119d9e3af190f3ef1df9d0306573813115b61610341035118211b1b03553f4639ebe765f49c47843bb97af29874d632b0b032b8a703d2f53c0f633dfd56974f1f44e6fcf15b70d6cec50f9e9cf3eb9ef184b5ccf52b2e755c747803ac9d34b0f23f16b1cea158ae998a04c8f97046200c05cd84145a4cdac5c327dfceb1bac8593cbf3fea3cbe7bf9797afe774e5ce186f9065215741bd1f33a17e87bbc6f4f8faa894d8eb2932eceddfd371e6bf5f067781c4a5da6e7cc35bac58b613e7a72eb28bd27af9f8e5e89cebce9fb12c6bc71d50259858b9852e39171144a61f2636dacfb468f46745f356a075f33e73ecfc0c5f9a5eee3ede7dac809b844653676fb3f39d93a7d1d38bab87aa71eae774afa9e377b5ee4fc9572f779fcbe7aeef2e729d7a2b3ce4d159eb9257b23d782e244ae39de9f50c6f8b97d58675e2a5617270d600da9430450e050c966c36a7dc2773f3ede7d1e27657cee8b9e99554f97f13ecfe599e70b4e9cd13a6364856684a14f5bd5f9cf5f9f7f5e4efc7d3ca9da6eb9ba152ea31e85396f5a39a72b42f33dbc7d9dfcbd3cf6638acc99d97273bd9b4d4e7758f9fe3ebe34d81d676da36d8d82d01b5cec72fe8a8b6cec735f1cb9d568f0bdc8f03dc91f1c9e8f93ae5d50cbac5653a08c8c1e9e7697e93bbe6bd9e5eaefaf2579f6e98ecd4d1d20f2b70ef9660dbe53f4bcef43a71e9a4fa179e3dbcd9da10735f28554a71c78bcccb7388d66db18ae0ae158829b6cbfa643af4d718e8e48d1acf4cd32332aa78df3bf5bf2ac4eb3a6f9cd2d118ae1f5146eb8a35edf47cf1c75fa46f9fa677ec73f9744e869d10906697b78bd3e9cba1d295495931be45684b69e54af93ebf852f9e00b8236adb11430a5db5876d2ec31fa10f42135c6986b2d9752d26f0010a9f21f65f2333c958b6f9d257c72e6547690296e5eb39cb20b8b0ddbe73cd7b34f37d1e7d9c9d9d8efe4e9ebc7aaf279aa0584b29f1f5dc879da6b783ed78d9bc01d6e5569ac9ea0103a56d89b6c6c31fa844ad7327473569b4ee7579ef2e60d2afc67dafc549cfad1df3bb231ce944034e8845248d8150328cd3a2f47a3c1ea72ef5c5b1d69407b70ecac292d796fc2428d316bc5d109c1d3c879eaca9b6c6d81908b09d970d8d9f27e82d146ba792b3d679d29cf72fd1c965adb97a654f8bfb0f9684885d72a3f3a169339cf882ad17b31412b2906bf3b9eb75f0f770f555959aec9dd3af22613b8be65cec4d8473074b16348cbe6a32a607001162ec2c6c74d6c28876d99f75178ef7d10686b3b94a5c5eb2795bab8baa6b87c8edf199834ab7122021eae70a16a88859148c506d8c465edf43c7f439f7f4ade7fa135db351d39ed412b296cea2b7c72c3bb90e1e6af9f700601c3054ad120846d29a2b4cec31f595f3fbb5ba73096b9ae05284156ac9a5f3fc1f73c0b956a4d95c0a38ceacd2e839568c48321b6c80e0add9c5597d1f53c9f6a74ad66f35832caf90cae171b83b3c24e3911ac6185870c98626202b60558a686cb8f7fd1f2fb6d94a55df2b8cb1d0af169f271c79bcb85c5119a58eaf6d9c54a20bb9ee2cbaa42c9d4c3636d90e04eff6fe67e866fd0785f1d9d719407c881d087ce7afe28830d676dac00840ea420e9707003b1b6c7b77e7da8ef2171d224cbd11cab5f33d2f164e106f713a2d25369aaf4f275cace10425b47d05e15a4cc08423101c06f53cbeb6be8ba797a39f67647940d97469c69c5e4fb1e6dcf311b536d8c0e418ea07095ced2a86543863d9c8778ab4d90ba9579b4557c6ec333c555f5ebce7ba12e5ac61ba78c585704d595d74bba0738600db21c42ee8e7eb3e8db9abcbd15bf2badc2a89c9a7ac6f27d2f2e5911b59c4150c1a0ab2cbb6d6360655045cae3abd27e7adcdda6f63b29533611c5d9185895303d15e4f42e610f5125f111f9914b392efe1f541c5d9c52a25a7733c41b62bbbf8fd39aece9c9357136ceedcda16695392e69e7f46ceb967d12130dac920ca55957106cc46948d81b6b3bc52173d35e7adcd590aebf2f7af1799eec13c63d1c4ca76f131dfc7e8f39c1ab246504ebf403b69e57b5e14128f7252809104e9f53cafa19b790e35e85e5e84244659f08373d8a0f3ec12bb3be24ebe7df3520ea114e8ceb96bdad9df9c9e9c8e01de973c43af59d5c9d7c9ae56747b2e41add7c9d61db11f33d3f319e0db1d70bc14c6d1656d1b1eecab29d25e3fb1e3dce65641b606d8edf7bc1f7a6bcce7e8e65eaa4e82f0f770c735a36b2fb6e7df32b674bcfd1cf64995ba73ede8e7e8e5d5b6d3411d2c1b654044bfffc4002a10000201030402010500030101000000000001020310111220213130413204132240421423334350ffda0008010000010502bbeff6b22643bfb72d2e2d0d60c9926ecedeed8f3cbbf2e4cedc9a8c99dd1960a5f55c3a9c42ae53eda59a9d8acb664cf965dfe936676233b7246a342a82923864fb15919fd1977bbdf89bd98f12910999fc5d9592fd2977bbdf83237b3063666d8da9e0d7c676219c887e67dee5ddb3bb36c095b264ceecdb1b559776e3f425dee5d99db91f260513181bd896fc993b3178d919d993267c92ef72dfd895b3b559f8133b1c4c59317831e397777e1ec4af8dabc69d9a1a3a22ccf9b1b25dddf8573e0d2691a1f8959a1a10bf4a5dde5e04bc182301c70343463c4863189f87267c12efc686607b12214cd385288e0490d1831e3c1d08cfe84bbd8f746cb9db18648d3144c0d0e24e23898316c789acfe94bbf147660d39140840c5f0344a2388e3e47691177c5b060c7865df852bf674259718918edc18251349356777bddfa6bc5831b25df8b165c2edc10909596d64913449738d8f72ead2447cf2f0a15976d908e48a12d8b66068922aab4ba56eedeb7aef3e6978ba43e14565d389156efc182712a2cc7a3b3d88684639d9eacbcd2efc11bbe5d38914231e292e2a449a23db46089831cb1a1abc7943f3cbc2ba24c8220842dcb74d15172c8f29c4567cdbf9c66325c91efdf9e5e057eca688885e49a2bc70e488bc3f6d61a3df4d1d29723227f5efcd2f046cc8a2088885e5ad0cc0684c76f4cc8d889215bfa17965e05665344508423560d427e2922bc74ccf7ab9c899933f9644ccf03ee3f2feb267c92f17ba688ab72726991ca35e05548d546a32676c8faaa7aa03664cfe59c3666c8f4ed1efdefcee96e7b1774c57423b3ed263a26813922350d42dacfa88fdbab2b649779d991d90bcd3bfbb3eecc8f7023694b07dc67ddc0abbd51fa8fcbeec5be24381a042be47225551f52f5acf16fe77a179a57f6fb77476f1f9408daa472a51191a33919945fdcab4dd1aec4f262caec92c8e9e47472aa43edce4b9fd896cf6cf62ea9fcbfb811b60a901d3e632e1d31eba8d508aa74f958b2bb14478439c4fa851945f85df063c92d9e9dd7c68225ff5811159a2503ed9a79d2608c703ebdc6d211eabd4e75549b75644b96fc0c42f34b644f6ec8a03ff00a40891159c4c6c56f7119221d559e49686b1284bed6a75be9d462d6e43badb831e09757f63b2627a279cce24444456c1a4d269bfb43bb1f784cd04a2c74b254a5a543199c743b2baf0677cbad88f42b43b8911085b9d9086ede9a1c6d81c4d04e9e54e2e12a8f5d3d8bbf3cbada876ce4a4444210b6b637743b23060c1a4d26068ad4b513838ecc0a3fa0faf0d111110ad9b64c8ddd59d9333b58c915be269147f49eef466d4444457c9a8d46a3565d95a4644c4f6c8649958c7ea3dcf651ee22119326a339304ba565763ed19133366c6499264dfe5fbd4fe7115b2644b377d192223d3199e4c8a464c92649937ff00c1a6f88edcdda392322321c894873172c7c0a46a323649937fa7f6d9f699f69928b5e3a2c8b15db13159a1a3a148731bc884afd3c991b24c72cbc99f2636ff008a7f8c3a0d13a64e91a4c6df5684f0e2c83bbe5f288c8cde48d2693498b391ab97663654918dd93264cf95d38cd4e8e09d324b1b56ca5221213bb7cb4a4f4ce06a6853470cc61f039a3ee1f71e74c98a276319d9f6d6654cfb6cfb4d0d787264c99b3b6b88d99327125568e9274f24e38dbead07cc2441ddf6b89536a45482927f48b0e8cb3f62a10fa59cd47e9939698404b32b744a476f418be13274c7031e6cb32cd56c1eab502b44764316c84f0e9cccda56849c1d3adade458d4df19d29d588dfe49db24a67326bf177460c0e39250c0d795605c986722566b52ab45a7521651fc7751a986a4218d09908466355a911ab388fea278752783b12c0d929118ea7a3116b2918302e36497150c99f1fdb68d27e5114c524ed8271528d7a7a65258693c5babab51a995076c1a6ca4cff0022518b98e472c8a1f09c88f2e3d98c36b0ed8be097557c1933b13d2384644a2e262ca4d09f0cfa9a798d5889b88dea16969ac18d91a98294f245db068341a0d068349d1395a1f28886b26388f0c5d5d959f3e07b172b0e2675271c5bab6ac9daad4799445c39e0c906b335895b18294f4ba731315deca93bff0051c62d24342e52b3b4baaaf32f2e7234769ab2e1f674ea4727d4470c4f876ce55b22452a9a48cc52148cd9da75303e6ec8f51566b8c5bddeacb117df9340e9e04c63e6dd91648f5f5511f766ae8c62dea9d5235053359a873255079d8c80ba56970333cfaf67d43f364c924b19c5a57644faa5c4fb223d8bf21fe2d74cd5c2af242faa3fc91d66c8c9e767b8a15d983dfa56fa97f97974330d1990c4f6fbaeb34eafc84ecd5e32d2dcf22782467629119098aebb42e2fc139a566447d56e65831e59f0b64bb431153fe53c6ab21add4f04a38316c59329cc5782222b22adbd5a6f8a9df95b19a31763e90c8f753fe757e5687721df062daafd5976d60a7f1b47a5f28deb1a6d9e49b2a74fcb91d9f1666785d10eea7c6b7ce2b2bdc472e6f9b3b7bbc7b8c75b4aeac843781bcb25d7be9364fa7e6c99589b323175e9102a7c2abfce0ffd6276f4ee8c650b653ee1c0acbe4912174e6673791edb304fa7df89599ef38b31b1742f943afa878a3f6f5c14b1b10e3c785107915a9fc863e14443bbef049f33e9f7e256ed649759252c8c5d2ee3f28f5f592ff5e7145f2f4e6378bd54df8a0c8c8cf14ad2663731992a4f8f2c47de7f1633d1d28779c2faa7feb94bf1cf29ddf2276e9bf045e1c59a8a43918b3be0c182a12c446f3e357a52cc267fe591f7fd12ea98cfa9f83e6cb738f1ebc14d99e60b8c786ac89cb53f3517f94be0e581cb290bb8fcaa103393ea9a5022b2e5c3be0e8cf12586b499df1961c7970e17819f513cbf3d3ffa3f8c9f39b229933a59c2af535cce8778a4dcd696b930756f5be8c85cd95f1b26f0a4f2fcf0f9ce585db8abc3a93e72579623eedd98c90a31945d3d05479b46631f862f0e8cb2977b995e5f8fe853f9c999355f57023eaaead1c2351ab5292e2d19607e2fa79e1c7916e93c2abca7e35b61c19c9ebd7a56fe995e7aa445234916719977149c5ae1de2a2e2fc0883ff6535c19d8c93c925a95458df8d8b6fa5b15bfaad3c2ec4b2f0d099a49f4c8cdc484d61de2c92f0229fce2f8322bc98f96df351e67e7f5bb3cd5efed7e02c54a72a381f4d98dca3c6924b6abd0599c599b2766c94acfe32fd08ee64399d7e2a45715238941e83ee6451c8e89f689474ba8b4eca4b31fe3bf0535850ea3b2a4cc1eea3c406bcf2e1add49f15e3a942ae097249b4a94d183249c71567a9e72243583b70588be25efded8accb035a614dfe19e7b253b362966551ea94928981f9a7d47a4f64be34e3feba9931879d24a7933cc7ea24875a5894a52be4ce4a31c94c9c7f17d9e92cac5e9149665578a4b88391aef5258b6342b3435b944d0693062efa8d93bcb98c17e2d732a28a949a1da3da8434bd19971b29c74c297750778cb0379bd32944af32750e65794b04a5a9c7bd8d0d5d2c8a98a26068d268341a2dfd0b653bbf956ecf7ff9c7b9f76a5ff49148afd596da247e3fd10ead56d0dcef0bfb7d8eff00ffc40023110002020202030003010100000000000000010211102030310312211340413251ffda0008010211013f01e4f645e3d8f6148b18bf4dba1caf08bca6276317e93950ddf0a79ae772ac565edd09f2a62c374762450c511ad6b09d09965f1508785951b14290e0345091586b0997c8893ca21022ab0d128ecf1128a2b86eb4f1c04b49225f04c659786476ad9e61122b6f22d6c621713ca2085b7910f78f13cc51116d24496f1e262190c5967b9eda7910f68f13162087f0f73f216988586498f68f2220389280a07a508586c950f68f13c2e8f1e1c46ab35867ad8e15a2c2e44c8668acb2868a1c06b315c6f11ec8697843c51451381ea28f23c47b22cb2f563f85e7c8f95e9079448522c948bbc2636377c5ea8f4438d6be36218a476345b2ace8ef127cb764e35a27441e1c2fe9eed765a67c1cff00e14ffb894872b13e2f42b0fefc1aad212a13b13a2518b3f13fe0bc3214143e8dd929d0e578597bde9256b58485f4568bb1cd8fe92648450b32e3fe9255a274426265e252c4c42d1ef7a325d6a9d0bc87e51f905897621697bd8de8ff00cf0262787de53be77d70220b2b0b17c4c4225c08812eb2b0c5c4f087c3e36499625a5f04bb2f0b0f8533b12d1f0cf9e3c0cac5664f4785c285caf4650b8966f89e8f4797a4511658d8cec6b2f85ec87a2e8e8bc7647e61ac558a23823d4f417121e8890b0b089623862c7fffc4001f1100020203010101010100000000000000000110110220303112214041ffda0008010111013f01168f4a9a2a28a1e25090c7bdc2d1ea9150ca9a18863e2b47a2517c2a2cbe0b472945f26ba2d12d10d8b5b87fa5757b367d7e8b22cb197a35bd42d18b4cb21b84c4f650cbdd70cb21bbd31621a11454232e0b7c98dcd1518ec87c16f9b1ed8707d58f742df2eae28a3e4a9462f7cb75b3123e0f829c384242d9eeb6c84c590f23e86384216cfae43132f6faa1657a387d721c59728b132cfad1f67345150a2cb2cc59637ddc56a8454afe1716310d142c4f252e7791f4d7a2c93d58c43c61328ba850bab55e18e57ae4a131cfc8e94628a1a1a2f87d171e3b13bd1a2b4b9c712a1c3179bd68bf1eb923c2cb86c4852e71f39d598eb922a528c7562e685eecf13e4588e3118e5f0a12d3fde0c70bc96a1f5ff78bd5c5705a3171663ecb8465d18b8e48c143d2b82f3b317e17d28c7bbecbfb568a2b939a3fde2bbb194251e09ff4d4b84e2c793132cfafe06297e4a870871fffc4002a100001020503040201050000000000000001001110202130400231501241516122713260809091a1ffda0008010000063f02e0375baa83fd730c443e5abd43c733bff386dccbd96e40ccf03cb1e55ff536e9935f1c4756c13baa8dfcad36d953345de9301d65c8a043caadaf69b8129ed6d01628ba74b9298a7e0884709bb2200a2ead34217b2be3cb9a48e98a6e641e64fecf5b8bdf856e0da57d34210f287755850dcaaa2db198a7180e82d9521b227b0446a3408b04e72f65b2da47c0a2f1030a235aa273372bf25bc8d23ced353587f70f2b60b79e993baacef7b75d20b8fab0d17c5aed2d62f231c52646c5a4b483231710638410ca713ba3068d6563c351314f921fbd97c76c2709c4368bca38b75b41c613e614c6d31e2849ab2db3b5617ab2f9c5146c344dca64358d4b514d2be0b63bc0482060dc7b7980b1f65340e0b65fd4a39423ca16dfb613a6b4d8030690a5b643285ef6bdc95b9eb83135131bfd3944e07b46f0e11a7d5f5785a39628a9641c339065a55564a779191b2e9e56197a93891a3554da57f0beec80bd32123c0a609bbf7c62858a997a910beac3a72b5469282ff23fe640acee9b4ca022b5586417404c38036c40a36b5e4fffc4002610000300020202020301010101010000000001111021314120516171308191a1b1c1d1f1ffda0008010000013f21c3356f3efc6e3f4383c4c4c528d9c970f94de517d5bf85c9c5b5f2189639eda3e186d28db10b6124910a23cbf08884647ebc44759ebf051e0a529481e553a1bc51ae216cb4ca52b2f07242d7f22a69a47ff19c1a3a1b67b6391d6fc4b89f8ceceb3d63b1264f06cbe4d17c0fc5a1a1a25f4323e294fdf436c3670f0ae3f7e54a689f27efc3931d65f0762e0279a8788420fc824707633e0d6214722a4d55d0f479776764fc17cb93c5f184b41244c37e14783ce12a23ba11c1f247ecff00a55cc1a182f5363b1612fb852c15cde1a34423f2d787378be30fa14a314b96d243a36cd393e138207e99b295945a1d703d28d3ec86c4ce785a13886d31af5225c0e93e3ce627872f8be325187e0e06a10d3b7fa2391b621b7d8f239e344c20d7d861a3b184ca137b2b297c037e34a5fc2378e589e0dc2b14124b47a1c90784d8e4fc086d1258ccf0cd0593c3f4444189e3f66bf01c4eb0b92e68dc1d7f8c1221be9087d0d0f263f1841109f254c9ed15391a742d0abd1afc1a2227c9195e1c9e0fa179365f623f82385a38f912c318d510588842661330685d1dcb829f67318d94a5294be5fb37f80e02f2650e14190453ec8c458f844459e1638261109330f53412aa27f443e4a3c68d7b3f78a2c14a52afc03da1e978dc26a9a2f917623ac2f67c8d655ece223fa086aa46df00824244265722e0e1fc0cbd86f917c8a5f1b8d66f8cbf09b13746e212ab1bd685849fa1cfc1016b0da7622dc1f10f04109898984e31a4f67c3149f270e0bf1dfc3363cf433e70bb3825168266c7042864264c9d1cc931af062c3cde8e5be709dcc0b298515f907c0c7e0ca1a42126c48d8fa3129537094172742420f4c2f63e31a3809e385432e8ba3b2e3851ed0d55f23c09f24f0ef1111615e5743c3c21b11c0b4df27c5153cf617dbc704742e121224108ecb9c0fe1e848c4c4fa10a70c6b2c172351941dcf0a546b33cb9e5e1e11d893912b3b1455c2c474acd2b381048488685d68d44dd39d89c8f42ecd20f44a3943c2e44c7ec7c51392136346884cdf0ef1cf0f2f145ce1204b436836068c290ef01282424211290f81a19f7887b9aa5ec907782253d4d207e87c63bc66b2a52a2ac6cde346bf0cf284ac6ae86c6c5c8d11b10841085884c6d6c9d341563fe8e47a1a04e19b2c27fb1f38d93e04d94b8a52e29594be1cc7e5cb121658be4d511b49ae0d4512f04261170ce54329858de07268439420e992872fc643ec761bdf8c213f0731f8f42d2128d7086ce46d105c16261212213c288d57b29b2ca12a8697d9ab87c86b40fb650a0487065d0f5163442109f1f8398c7978ecd0e5f236e1b8d820982ca42424759831aa8d50e147d33fcb1fc8bba3761d0e9a6fb132687690d9b0d1c1bd96a1ed1f627e09e363f042d9c07c283ece2370992105425898b7e5085534fb2ff00a3d89b506d2c54be0748f01f420c68c58f06c3b0930a529a344f2e4879eb1c217029a131ef28452af8585f6262248cf6257de3c8a727c6381a3f285c43ba8f80bfb1c1f5a365a1ec37b636ca187c9da7b8bc37ecacbf1855e3d478ec633a217387c1b84174217244191172d8f8c88f08b47d29b63106cb6378d49c3da3dd70c621dfec5a0ca5d8836c7ce2db17e18759e0883107c8d6d6042430ba0a2094439b43f716dc8b2a0bdfe8513c9115091b2e0d19c70d8c7b44ac36e96d1c89e3b1ed821e6971dbc1bc42785f2b170626872e0ef242a24ea2934708310efe44dd0ed9a06c735269544d1a87fb10831378743c583d02aa635bd056dc1e170c7e1d63a17021787231f9f158676325db3ff18e4fa169779e758d17046b7a169fb0dc6eea9b3a46a653d9dc6d1509b1483c6bb64759268a2e87b39cbf14b7821210a27c66b2f9f1c3c728f17ce13f80b9472677115284df44a5bc24249746f82672c73b27aec658b810616ba40fb4fd1ca4f8496d9470b4f63a9965d782e4ff00e1cbcdd1a26193c38e1e1b506c2639901ae23648761a0cafd0932cdc20e03686ac44a98cd09ffe8b1c9b8a8dc8f8cd7226ef6c105c5ec6764d9278721b0b3d1a27c9f6289f1f8e4e0a9e5c7ec7dba369accfe032ca3a120c5bc3c466d21eae0d93b43628344f4e7d1cfafd0848d6cd2857eab3785f4f3c87851795c2e22f5e633a1b707bf96398f6a3160e3e6d0987d0df817625707d06fb434bc1f00efa2aa87d24f702f0825096bc278cfc63d31a8bba582946b66cfc5dc58a534664ce239d8e30c31048d71a0454d0f4c82453244f1a52f9b638be3609d435bcf8f82421706b869766e2d2c560e9884260f8cd0d5791c14a5294be70a5c70f178587cbcb5684f232c56058f5868f20997586f430f89ee85e09f9689e38785586d25e0db9c31616062b80bd8d5f1a73121690f89b62c1485c0f92a8a5c6bf2d289947e2b92d7e0d107d6299a0cb024963764271c78b0a30e3ece12c16658d18a686421334a52f94f27973c56138cb260882458b2658d3129605a28cba1d1d8b070f0fd9cfcd4a52e13f23d213c35e2b66baeb12e86846ec2de02d5d42610ec7b09496ca374ba041e7b71e643c4210de190984266bd06fef09ec47622d0fc5ee4c496ce36511ca3815c911b39122a2904bc882445108dcf218d8b54778416197cb35e13c1a1d2de51eb036fb4538431a31e7eb0785b2eab958b40c936392bb949a200f7e58de4edc4171107b9d0d18de0d9539624351b212759052491c841e0eb09d754f5f1a0b30b4d1fac4c436565787a361b04f49e2b6d0d0067610ade14f87673584476c7459d44245128e0969a723356989421ad0b612e41e402b6568adcc3f48f8348410ec9149686ed7026d69893ed513821f1c92d31b9084c4cc213c17a187f20a3e88e84938621541ade848f66f048344d7b43c763517fa590b051725c6cbb42a2d69ec49ecab26fb14e5ae11110b4c6c568e4b634c5d0174b1a13e86a72b425d0cb717cae24993f27bd62ae07ee7d892fa1add6c68b0c3154733c25c1efd1dc7fa387e0b836c2c86a84c3012eb755a5350db967b4226e24bc8fb285344cb6932b7885268e820a0cdda446bf18c7bf668c5423625385b1a42e8d1e4b9d660de5a9c546c7a186f4fe1c4328fb238c1610c3b48c6bd93a7fd1aa83586d15f23a0f92e4a32fb11a23970d1caf74318e20c74960484def7be0e61d0f43a6680bec4aa243d85c0cd447c858f13c6e4b88375dbd843573ecd03da1fa685cef4cf78421e869af66bbd1da3ce446d2316823f639f7b43d2acad1a1ada204511318196599421121b3441a49cfda57a221d433901ac087f26bb345bda3757c94a5297c8b0fa9947a1102c22ec55b7b42d6ff9212763dcc39405a71e89e5d0ba7a0e118b740e1b8c257436634bd0868a2c10e64d6c91085a16dd643d04347428c4883a77f63077421cfbc28f16f83dbc2c5dd5a6244221a281f033f88892e04aa1c087fee013bc71ba131cb653687320b605ae4dcb85421066f58b149a9ece045391250a40db83e85b1354bb197c6acff03f168d0cd9e31a9c448e0d58e0753357451c927712e0e553d023942d706c1385b431698b7d943ec7dc41fd4ab688956fc38e8a7f5e015068c4828a268ebccf278599f64319d8db5c7470fe0d1d13d8f4e8d50f345ec587b341174702e4e19afe509a19dc9535d87631ae8f903d8c435a19446a17d0b42cbda8745046245d0cbb1d524146ce9d1b052fe4f69ed0d5d8cdf2688c7b471a3943e04688a3e8d109a99fa1921df170bc32fb28b478f90ee621a13795ddfa1b849e24d32a1b8dc1854c7bc1c061ba3c133b28de178cb0ade27653fd33ec6ff516667ffb84c8e3134763cb3ff9146ffc2a6862b54906fb36c7e0d0f181a5d1a0fa8fd0b98fa13b0ce59c28402721f3e53cf412d6c7b5ae065eb06b83b33884fe58e0b98746ce7a5560cec48cf642f436e0ad547fd2b168b5508d96876d1bed63a120d07014f62fb1930bdb3dacea116ecd9e694a37e6bdc4dde86b435fc0da1b47fd4ee170f32e645563502be996e8343c2d90dcef424627df672c32e3fc07a3a124974226d09d0f4d336ec812a6cc318a7158d8ee2dec722f8bc2f08537d0fe714ea60da1bfd0996e8e03469629a5ae47386fe88e8b75af138d767ec2381d25f41bd2cc3d894c11b2a36a390dcc4ad30d9f794d1221b61a6d9b388213c96796342d866c0d092e2e11703ec30a417d8465f4629c319b1d4de0e6289f63d8879669d171b1ee99c095d8841dc7d88264c40a76d958439614a5c3cf59e186f50623e665ae4a86e4d15f0777a1a82fec6fa099519b30543bb426725f810c5daff9e04e678f0d5ae514fd093613544418848c43435841d9ec713cbbc4de52cb2be9c0d587be5b1a0ffd8d898bec2a8d86f908ad0a0719f635ba2e47f4254f6280b1d5c31f3f8336546df61b70938b9157392e326195841596df35cf9a07b7395e84f80e1c1dbd0e83970d703f0b1b541e8653673bc21e98a555f28a6a8f421179d54168255762cb962f062956c7d7aebf25294fa006ac224b623461c8cd831aa3918d6bb7c637c5a72226a4eac778d88e2931dbf42e098e9cff00469d79eecfef4398e442278528da191f1f9e8c2fa21742a3a34a72a7328b5de37e24513ad09bcc8b1116a874b1b2fb707c96fdbc297f810e3f43b762ec4c458c20ca2cb2c7e3bf1984421febc0bb4787a3a34ac487c0f876ce7249209520e601fb72a8882ce0a6bfac5141ebf06dcd0df80c16162e5385d8dec7e53ce94e1f8113634447b2a7d897c9a422d62443723de1a31aed0fb1f2527b0afe49c0c9795e8f6357a1fe05c8eb381e06e85cf96730aacbe57c4fc1e3e18367db1a0940986c5e0324b9352b858797b1ced10d1035f8170b5ec35fb973e0b05e858c63ebcb912182b1e90b55e0d1163bc21b0f6703ca6133c07878b1565d1d60e8af434eb91dd86c8765343bbd90f688819b1854cdb396397c65eb8d0cb70f9f04b2dd66b9f028d8c329ae0da3a13f52c3c9133043f04e8a278eb1d6cab9fa1788f9491dec6b1b7635ef0f42f24bf8534c6c344f0fb814a5568b5d0fc1a653b7a59131da6a37167ef139792f27e0d34210b09e0a9e7c2504488567d1c1f0f822bd12b1286bd69f42ba5472337ad0986da4b898a1fb1d1da1b695b39ba23f297ec336adc0d4d7a3b1695c07c8a3f7a4a7a3c57e26da38842c31346b574682639a335cfda361e0e67912f358992e35f02b6f17c8981368bd151412822327d8dbbc0ec26930ded8fc2523a6219e82acf8d9c42742d697225bae4d640518824897ecc17f32f21b4c0b2d02289d104d237294c4b0a548d4e99ba4d2fa186c7952366d9b4cb8e0fdaa76390d0d25678470f676315561685685d6f442c86ca9025db1b845f226edbb251a3451f64c10f1835943719a2616868e0b9f016a90c87a097b2d7631b4569b82358f78e6e727b1da0d7b16b29569150fb367fc8e9267d21aba2627a68e0617637596f4ec8245d73f6557bb97e8ace242a6f814451283aa2dfc207896d88489a2a60d333e04560b3c07c05cb3944db0837fefc17b3fd27fe0e3f63fd79e477858e785bc87633878d78d72711f185c33703ac7ffda000c03000001110211000010edafc0f89d8de7b1873ec21958b64090cd56e1a8c03a81f21242413f715c6a58e068fa1b5091420429028bcd01d78620edaa529971303c311d21404c8a79229d1c0ee51b15ba0991e914734e10cf420a5844a8dd0f087c5795039750c221a50e301c537023957d3bea95f482357a7e7ea05c02975246c30b5a31d18c9f4816da5f0c3b8babab814cc2d98702d01256150324681f90eefd037f676b5a8d228a1646c7ff008858fc63c200eff78981bcc6b74a1f8042087b61136bebb857fee42c162533223800d37138944c10d55699744d22234c425caa99c2a810903edfce8c8854186a25b0420e850470cf2f08ba5084894ec419146b9a2e8d941b0451a66b4fa9ce30a1814001286cc82c5c578ed6283ac16438072e54ed74ab06c082de3661cdb8c61632c0ae41f816d950af279e17b91a8295792c484c54c4455ab45ba60a9ee8166dfb1c1e10a3cef3db0ff23a24dab5bd49e0cdb9df036c12d3cc889f0c2092e92b9209645443f6d8b1d8d004879dfd90d23047ccd8e8810331ed0214521d91d0c865d17710f6e17dbe3432d294b720097dd30c19f29016d045721b1d7392bb571c787138550620e6951e4e92d7ce5b7e52b14846d2495525fc004c703ca9ce8cdee00d20aa05f0d4b89d8ba8cac488a34ea6b9df11360b9f05579bdb142f698e42815319221250685ac468094309eb003f0fec2c562214c9aca3d8cb88118adfce3db8f30e83f0487b08c97d7845981480a0fa0944868a21df2d08580bf2b8820190d500fabf226195fbae0806a66f3d96e0e4b432e186a08d1a35e7bc592fa68655d5e6209fc9f4a6c9e7359ada8afa9792f77b58b460e497109197067f89077a52dc8399bd9bef708a9592598061827047ab348d4a712b02bc1292383dcb526e8e76d0800cb140dbca3d5d4dc1bbba4bc507976f7d122c163c867a924b30529c351bccb2efbeb5434c7e2b87c6d99aac549a4bc214ff005c6ec246043f81a8b8a5988b1c3880124b428fc9d76049cb212a5b095c3ac20aaed10e4687cffc74583231840821cab9db7222446a8437c61271de8181f336d6f955171e9d035fef5506a0c60ba000f96a010eb097ffc4001e11010101010101010101010100000000000100112110314151612071ffda0008010211013f10c8fb17e5fb1f6d6d6e96dc943ec8594e4b86dc36b64c89adba8b4fd9cf3b6ff93973f9e1f7c2fd8eb6788b24435915d496495945f317b07c4bf97c6c4bd9e5c91fedd97b73cfdf5487b68787c8a22ed970275b1b21e65c851e42f18f9019f6c6fd992e4c8e7a7df4758fbe7fec430babac27b2641ac00bac6d90371875b13cb0cb99e3b7cfb69367fb7ec7df1f926ced8e3ab6d3b1821b23df2c60ed90767f8f364893fe205a4fbcbf63edf93d230f606480d955d81090a84e8c21e9167cb16d1692a090932739745f25b616db5f0fbe6f65ec3968e17f84720b992af611c92dcb064c6c0bedc2e643b6c84be256dabe79bfef9fb7e4cf19c2dec0ec1ae17e8d910db397f1ba412fe5f11147b0c9630e96dcbf64b12c7dbf2765c65b776784cbb607ab2cba6780cba5bd8722752ec9cb6d2d3636cf0f36daf809d82b73b83d67676e1b0c879e6c32e97ed84b2c6c6772db6df1651f6442d9db8251973c59812416f97e65df3796f6da58d8cdb69679b2f3c0d7c1c21cb56c8806d5b67a5aea433c7c2fcf3db5b4cb4b4f07b33f2fab82dd6e1345cb01fb10e196df490425f7ff0047d787987bf924fd8791fd889684232ab2911471b45f0bb6481d98fcf1b60d931c8363e6ff007ce7bf4f0631d20621c2089245c817ec0aeb113086bb2c6ccae8c8f84d58158e1e3afb9efe4b2ab6e5b72e48793de489058104393a24253f657b939a37ec3ccb476396969659e7ef832edade5bb6b04b08792db63f6d8721676ea0c94891652f253ec607fc3efecb12cb7e78b03702260b55e400f63160872d43444bce5c3200b0f73cdf4f936f792f061c6e04306fd81904e936f61ac2108e90e3064396cb970f32c6d6d9b48feb28719226327efbf8b212d6d838ca0bb6905c86bb183253e21497e5dbb96bb2c25bebe39f8c29f1807191ecc0c96eb52e7db003f213820ea392935613835863788020245f64c877ec893ea4692d970d9230f971d4eb18246e5b31885bbbf22f5e36c2a1241d421b4ce958848a08c0c5c3969ef27edb7faf920f64c79e760fc84ce4b396136e3604b81271a58b092f584e12571877227111206de5cb6767e585dfa1c871d3e4b2e36e63f1b672db6245b16409b114c8ce1f7c18c390e72073c3b2d6d2db6fb1f6d84368f4872dfcbe2ec3673c3fc8645c9cfb0247843bb05de20dc4e96f2382d8b972620bb1fdcbbf2dd876fcf2396127836df221d62482fda3021e393276cec3cc9cb2cb12cef9dfec9db4487186ddb95e6f3d33dc6c8bbf9260b22b0e4e07200721d6fac27edddf3f613ecfcb49ec8fd824b9e3e6edbcb599623240c8ce4f15f495dc20e468f6d7e441eca6db692e11c25b7c5492c7c9727a5adfbe76cb7de396e04ebe4041cb24c1584dbcb6520decb2eb65831236dd6f8b792ee7817ed9e2f7d21955c80bbb085a5f13b2a5ae5b0e4b732d977c3ec7c81fd975b8963699e639659eac632fcb2ccb4c84db4dec36116163200b968f99dbe4b96417a4b96196c3f93cb6db257616f9bce48a31bb25dc81f0f9396411ef873cd6da0904f647f7c1764e59e6c3db19cf3e4f459c563fc837ec138466c7cb3c7ac59df3a9791f6196b0720ef8df32d0564dc7c7e0481207e3e1285ac6edf10f6df707c2d8767b74be936c3859c3fe1fc5a2eda5e4212ab08032e259bb7e431087604ede5abebc3c7e5fb31f262fc5f67fc7c9e8df717c5f117c5f97d5f5e7ffc4001d110101010101010101010100000000000001001121103141205161ffda0008010111013f1096f26c8be2ce59030ac6edbb8b3b660e760fd93e4339e718d88cbb6be36fa9f0972d8ec016968c0272ea38813c5672091e5d32172ce4316798f85c3e9f2fcc0b0679a4004ced8647890c833896d6fc9df32122db6d2e79f5e9c21d802fb2b68193f88765c21d6326db96a4e26484bdbad846786c161047df3ea492cb4bf259765fec27256cb6f65b17ec713860f0bf22376d663ed91c61df9e83099f992401d96f1e40c812238b61bedbd88d96165841df0df5306b1f3c1fdbf264cfb01331c6c9b85dc95db1fb0f638cacd2d8c08484ff007c0b2e65f5e07ec7c93b065b2e1b7e522b2791f6e990d24d86df5e032f886923fc0b6b7e5f517e47c839e72c0c997cfb751031d9e926b063659265f10d24c7ced96f9f0bea0f0ccf5cce41beb623225d8c4920824831bf21df0cb9196787d83c0b6d9727ac96303059c8e4f19183391e37ed9637d18df4883b1f25f1c9b607b65f97fcdcd9e70c5f18fbfd632c2c2c6c6ef9f51f208f92f9f768e5d765072c3eca7ed8f0766be3cdf36df63fc8ec3df0beb7ecbb28eced86414909c8723ec62e413f8796f2646585891b6787dbf7c3a5fb2bb636120c0670940963ac386461008f909616be4984f5f0e5b16b7e47db3b1d8397ec9ddbab12422d36ecb7d440604078308f9fbb3c27b6469e6f841d82391e3f23ac9d83c693c3705bc8c4a610c8d8c87f2557b03764b202e5990762c82c9f9093585733b2e9cbb3e06cb193208e1b6ac6db0dcf0b3c483b0419eb176decf833f619322c9ac8e9248b7ce79ac3e72cb181b19ff0867113a430cc479046c3f6d0b11b9636192396abb68fb2100edcdb0db181db1b12d616146ec69209d257bf1171fbe926d831f6e3d80f4831cb05e407ec8392b22ec60ec1bb21f18d7db790c24258307897e43655938221a5bd88b6250c27c852106c1f25593b22f6324fc964e6c3f4ba1630787237ccfc391a390be3e5fed9d8ec6f9c793aae8b3090fe5975999c9dd97f257c3b2720cc6cf0c58e79c7ed9f8fdf334903fe92513cfcf136c5b63240edbf5f1725eca128f9f10c33cced917e7883fb7471b2cbeae15a5be272413b7f8db603ecbb297c58596c259dbec2c7d1f3f6cbfe60ced92636776fcfa783df320bf208f7ce4123b27c8030844bfd5adb0c7d9e4783776fb24991d0f9f2eeff00033f260763542393bb1bbac96c0278d822e44fdf36fa84893c0d6d2df0fe1f91463babe306f646f98fd9698408441d81bf65c2d2c4ef8012c2196591cfebf4b0760fd652f6d85d091fb1e04ef8f79612d81c89f3f77ddeda4b1e8d2189d5b2491f6fb1965f2c64b2c4391eac10bb058fed9b6847f1f13b7ef8bd81d8f09cbb6962d8c70f37cfbe2f2eb1be647f1fb3f5f43b0e361e7094b93f63c5a7f0b63b2bf6e169fc1ebdb4309723887e2deccc6ddbf61f39e7f071811dbad8305a6df91fc2ee444d89fa3128bfec1f3c483be66c5cbe3b6f99df33c637c5ec5f2d76ec8eecf4cb016ed806dd3b0a303f664921e4ac73627e479f9fc31e3f63cfdf3ebc3f23c3f27c37d47cbe2f8f3fffc4002610010002020202020202030100000000000100112131415161718191a1b1c1f010d1e1f1ffda0008010000013f104b20716e3732320e3a801182fa80de6706330c372c4aee295cea692a1a5b59cd7504572cb0707e65a9b97c1f898712f1adfd4b2b4cf72cbe2a02da6fdca577996eee567243294098cf7281b6d22c72c5aab976b622e831d5440d1bf72b4ba1cc75e4a5da53b4effb981060aa25ac862ccdd77b2a1b649a56129acf5a871dbb44034d34bd388942c556419aed0e98a804c136ba8290e094a03170e07352b8d7c312e459464cf52eca6235ba4f88d5e1258289685665d7375106ec1f64e4b4f51cf0fd91671553cc9efb98c8e2679829a15cc45efd4cc5562631588d0bd4c0b8d12b462587fc96759f10aab14eaa79196d84c4a4b3b81581cc56ae5996d5d4b8ee579897307454ab81dc782c2d8bcf702ecb41c4ab5b62bbaf6dee5c6b7ee0946a91c1d3dc5c52805852897555796bcb715d80d16d518473be4c1e740940ad816e42e4d25d59cda72b102f56a907c7d68f88848292f2cb1d7b82a9ba6ae0b4a44b69bb6059b236e859070b375d4db43f9968e1658621d9710e2825094623e57ee523683e6379b259554e234e2e526b37e254a3b9b7fb88dd6caea1ceb528fa4c610bab7e21422e58fc62d38bde6182d597a97ad335c4b752b2fea574fc45437e98beb3177a658ba6589ce255f3ea28177994d8259e228ddcb5dacbb60bb196e747116aacf50b6d7e225b46bb260697302de61694e7cc33222da2c7ed56860afafd7d43c45d727f7984e815e4da1ec3f888a5ddab46b72e5086a84b2a5445557896acd7888d557a8a6ed3d4b52edf5294c24c9a332c3772eee996f2fa9897899b9199110552bee662815e4d3dce9bd4d973f521556751e89f7389c5f89b3c4d7685793312ddcb73fea29b4f71a39fa8caa2ee39e65af72d7838e25c94f52ad372d56fe629a09c6a0a85d3a60ad38cc0550d8e2debb95615c5eb98adc205d07705572f44e6b77114c084585ae62846e2a3764a0167cc4d42ad49dd4bd77c44ad799806271ee12d9aad5c4b286fdc70de2a52e371c7387a8946311b7377dcb4a967212875dcaf3ea67c6658326a5df133d4ac3598e1c6a65e063e4ea050452eaff131497284230fda6d2fa8e876e608a14658687ee36184621c7e62aafb955a8634b2c62d841b2ab50d102a36aef2f12f8a3cac558fc17156f07b121a88270f300610d587528b2b6262e39a5a39e6e285850d35c750286ca5acca29627ea5356a2f0117c334cd6f1510d0c40453e65991cf7f98d184ba200839accd2e52a047175468486c29f89bda275641051015745f9222352b8891ab86356488ff00ac4c6b5ee3638752d6eea5db492fa3346db9672ccddac2ba3c4aaa1afa8b8d199dea6038832526ad2e89435b85fd40a3f8890c3ee2d352eb99b6a58d6262ae3058c96fd42cc0c0eccf8215a97e949432caae351072d78dc33c3926cd0648db8e388b146af1e21444bb0c4b1bfe931111f0f51b04a1eb7006cacbb8ad14f8866827b22eec2ee586b32bdfc45764c055403fa46338f500802ba65a287d4519fa128227d32c130cbf3f4621c89d46872cdde65b591962527dc6b82bb945a3e623c38bd4b789a70cc1a8b4608b24deeee3627f1301e59a3fd4796f654a6ebee640d4b85817dc0ea2170a10f0d4f4d4cd5c2b2baea2d97888f9f0100064786e6f20e832c5c0c77719b5fb8b3ff616b52c2fc454437c460f996e70329752c504314b75e711dcebc90732c703b22834d8ec654da54cc72ae5751eab35cf98c36357b660dc62d8cb86a5436fd4a70c686d8df8e20ad5130f2ca78666b67d446ed2e23c9117432dd90eeebe25e33f11d5d84d85e6066c6f1129c63a8da8622d19a2337ee0db72c81c28cc86e36e657092b3752abce618cb16af0454156f668848073b4dc598718a37f2ca5e5c5c4051f6416eae25b564245ca28585414b13fc03290bceb3338bfb945d53f10a239a8c0aa1feee0d7817e98a29574c7a50b3c4b6eb82d858d501f329ae3b949cfe60bb5978d5cc2564cc98b8f9bf3129c9ee5c327d4c1437f5315b8dd618d99abf7317816ea5794e3fe4c7b8e0ce66d28beea66b729b5e3894dd1896c7b79961b738ae21800771559334cb32d3cf52fb9e90e050ba1af30528c1d1a806a72f26aba8b5452ede62a5aecf988050a3b9d99bdf885cd3e9896b82e112d1fa970aaf52f54ee57c4a75291a82ebc4c1d4ed58829a6d393b9b58b1d8013d4a2237665ff716f6574402a51e2035a639f30034082d904ea2cd61ea58accb5709f333790f866f3553152acdc5ae62b7ac74ce42152c1469ea271488b1c6278d9675c4bf1a9c3656789b5fdd4b0c3d42da9855bf5180efd9e21b56b75314d7c4b441ce699621b965e59b8a1899236aebb8ad941e262ae5c3cc6e9489fa205d176ede60095c06a201a0315a84a6da88b00c6714fd470b4a2b645056a64718ee36725d4b563898acc0a6c85bf89619428a7d40a4371ab6e4e23bcad71512842cba86ae5e1d90b04ae9dc494b62956ee026dd711061180bd92f7871ee0aac7f335d0ca56258b569004dfdc46b862f098e525dff0018960e62ff00c0abfd4bb2c9b4e28c45a3706aaa06553996ce24105c39979b836e2180c4d8351d7044af823b2eaa5022c2f040203beff5006695e822a75979811a389b4e4e88b6f4e884a07dd73141b31190b1435c456a35c4acd6625b0158e236d19ea00b4c08dd90b17551dc167501171ea0359e2344bd4b6460725c0e61672410063879194366039e925428bad40b83f72a817f31686a8a8395cbb59496868c16d11961a094991990d307d931d928b93f13fa5cb6eaaa71accd6a5465e2b72cadc0e2a5d1ee1c07e60083776b2f78cc30c1c58a752f1a8e1a816dfd1dc30233c116ecae3a3a8ed2dbcc450ba985bdc069eb86e0a045debc406ac5b1f0adcad462f3702005f3e6125991bc45401388e2b0f3e628b9fc4dc01c71530c912eca9634de3c4530044a60a7b950a47c78954826f5284a770261c79945265e7d452f06ee484984ce461546c7860a5dadd6609b4c6da7ef996ad5bea37d7a960d527b96f69f32d1bb8ae41966e9fb94b0353619f5e22a6ed96ebf12ca3f0f72c7dcb2fdc74c37441c3317bccd5662d63f51d85cba615700a313e6016336a29c152e1a6f808aa07ab86203f0c055a2e6ea668412fc456ed6e0871b6b770d025bdc03019fa80309765471205f72aa0f67701a873bae229846798829d649a5fd4ad0a4b1b66679954f8946bb95652584b1e250b710a9cf886d10b693a65a5f1712e27ca5b628636ca37294cd9e89ce166b02b2dae7dee59dbf52cacb2de33f32dd5665a7032df32ce2ea7c9f732175ea69977bfc405afc434a1ea616f32c0ba9baa212931dcfe61b2a0202a303747702db68d79800bbaf1714dc5a34772c01caf52eadb4378ab942ada67c42007374c1114cb02a0a1389ac350749a9b0ba4a651b2ace3c47068a22e061c21c4313ac7c44613504b3b8809d3a8018ee155e7961b1adf11534ce6689d79825d3cca47d410b4c3f98d6c30c6393b99105338f8ee35829453e602e3646bcdc41321f528e52bd312eae37684bf31bb433260a888e06fdcb439b97832db2ef6e79c4b3bfc4e3334ccde466ad64978271be35176cc59e7ea0b2ae187d42878978bb7318b57839f32ede83772802cbaa3c1dc019f1b8281c72c0dd4ae0edf335a2dd4b901537505b21e218a02054d4083acde6518df982e5bee3a59ae6568db574f30695a247b44ca61812c6884968ee640c425712e13a9b6363bee1608e79944271b961b638f71098752db1b71af11d839b29b829793c7105ef681329afdc2208ecb85cd22a810f711345caa7232b6e6fa26447ee61c27a6298a7dc78da8df2213c84c60adebfc5e7c7b980e7152ca2a7cafb8debd4b714fb18b1a9dc05e65401b60b4286b9f301a8064e630956bf1291adaccdc4041ac4c92b1b0ea1803068adcca637a3a82404b04d6bcc47292b207cc4a00cc34a4dce37277052ab1cd43612e9cc12a0165471b33b86c28d71e65a8bd3a8a80ebdc01537d3e656b8e6c9615160e17994285519b9681af32f8bdcca1c83aee30a3939f32fc4bad2724a3d2164c252d620a969f8975551534fd4b5dbf996390976d3ea0014313793ee3cda8887ebc4a7b25f9c92d33f89acf73455dd5dc29c54503e711e6579991887364156b9b8da92192975b4800289b57888383ad27315d0c3958f535a022933c2bfc4ae82d37641039796250e752d51a36c00566f8f11eedf9f32f6eb7e670d4a39a3d7114adc9c90d118955ab4d306b9ce1e6369068a4ea2d1948d351aaaab61515b1cc6c0ddec81689ce25ec0d4a46baaf72c71bfdc4d2356c754bc26e00a723b8d0d1c62b8966c6ab09104143e610adf714360fc44a5a57a94b0291ba36fc92e178fb88de477d4b0c5d32fabbf72dac333d1f5334a7137811b1afeb16358c625910b4c517589e98a8dc1337dc5aa15550a84d12940511d902e79dbdc42c16ae0788e362ddbdc6b17e2282ca1e08400188217125601b6708aa96653718682140ba96e0854dc4982e60a8c724310bc967861b98b35e259155172429a6e942f0f11658d351a1060ad318976e37ea3a8c21af1dc0b7914f70b88de43a80169c58b0222bd6628866bd4b50ddf12973dd44db2b7c42c11c23512162cb9a47dc78a0ccd82a60db1781fccbab931e636721b980c85f2c446312bb3f71d4cf1f51e2b73117d7f339fd45b7798eeae71a80ad6e382c9c5f30e01d1bf2ca7b04ba962e8834573012c28001ea52f4344651a3ce2080b54f102005bd41205f72a60d789963a851bb61e6054008ed2882a53f30b852b2a2d63b80a6b06c23d261a69addc36112cc31190deef88499b1c5f99517561e622966cc788b2d614a8ac455bd4b41691a6ba8e6d022fa60b0d82c6a0a42ea1760e6d9503b0d12969629a65170d965cb0d9593b967862838bb851c32f54c4d5d1e65db4352c553f728ea5d1b4be196ea0b78978b7ec83451f998833a98173cee5de599f51e3cc416eb101a485746a96e5daef2770601035b3b845cdedb86852f300a97b980aab897e5e654519954e60670d40717b96b3188866e1806a247e20ede2ba837ce565511766a15aeab1e4788222c1771ea38abafdc4eb54f519c324c31006aa9e202eae0af707dc38ec984ab20037c40b5058673dc44d18532a665cf046c6c31c4410d25ca6812aaed96586d1d7ee2606b4f5000e6562e26744a53889bebccc68b2537557e6223918895fa99825eb9a96566afccbcfee5685ba96d6e382a7bff09459be08da9e2e22976f31cd7db5c4a4a3156e63858e0317c301d78b8201c01a23b40b5fa840516f738c18c4a5710c880a91ee52cab56429a88837b955acd771ba060dd768d81cc50b2b63a488c261c3896414262222d14b43443700817d4a826ef16f1d40020ddfcc36634a8e3490cc142d5312b42db47dff00d80842deee5a0b723fdfb8d100388852f653fcfebf31112144a215290d7700ad0c4b64f9895ab494ddc5787e62de5f732611cbd4d38620e2a51d4e718cdc4b1b0f6c325cc02f51e7fd45add4e6a071dee22a87454cb46acb95ede20559a4ccba2e8629be7a84aa3d5c35da3e88a00382081454c5a6ba82a8b964f15b9546e053b987f8940400cf5b949a40bc9cee2e8d231c2de19860cf961d8194cd4af0f5e18daf941747302d46d59a2610d376dbaee239162837fdebf30657a5c8baa8e49959f3ccce85027b973128b1330ec4e1370586d6e88094c5ea593828170ca2645a99c0325e7f3fcc0a5391c418da58e47e25271f3711e44f898ea5e30d4776cc75f32842acff0001abba71dcab52b33606a354aea3cddc56d5cc6ea18b4bea2e56b70d36f043653152a0cd3cf988282aed7994507457b99d567958b91cc50c6e068cd44195a8e7105ed96ad68f3100b13b869b3ee2014842ab7a31e6183375142eb3d54052dabe6235572c98a6388b82090c6910894b2f9cc0110e53f26a2b452b63048d8add7318a00e409151bd28e2f7155b5baa3316077657ac4b043a719c4744736242472567a890406d1cc4a976aea202dd151500a6c704bd549f12b786ba9cf23de65ebbc4caaff51566889e53a5fdc443894f5f996019df89fdb89591ab99a5c5556fe23c76cc5989a0d873130799483de730d0376da4428dd6202aab5c04608179fa98ca3359b980a2142ff12e50283ee3bcd5bbd459b45ed0d46f42a3995a95f410e0a28b99ad19e161c76d635009b94e47c4aaf0bddcca73ea5857daa2856148053c9a82c16375594ea2457a46cf2f52e6aac6994287069988d6053e65ae6d5a252c60ba9808bbdf44cc0d09c10c2bd546e334aa62188555618b66f2c686d704bd0105b8114b8a6ebf12878aeea5060596341f7300d0b2e36c52f9b971bdeb32cee5f67a9c7ea5599842c7999b889e752f03399c8e880a33c4dc1bc72423e86482a8b9ce7cca0dd23b3a828cdab100133529c2f50d0a6e06dd3c44060947757d3122005f25cbd6857a8c681e923b622683091d455e8c5c06f861addc1511bb8375463a96195c750ca48696b978806c411b11ea5245368e202f06cc77170f11c45bb1c315ad8039ee2d0dd1f719788e62bc6650b618452e86ea0293962b59e71102ae10c405af392e5af210b5aab96798d5597111bc372e8c1bf12f1a99ab0c5ca38fd4f49551adb38dee054d6f529a661aee2b0a8e7732bd7b8880fe635757455788d055cad0c769dd66582d9ea39756f8818525a51d45c5110aaa15a584accf3a226704b0ee32af92301a625e38256288ed972ce18a8e81aa9641e2a34178f52d010dcc3484315e608aac1ccc2975aacc316196e59297913862d995b96603878f310c374a27ea20cf510e5c45ba0baee5d975a8a47d6a5957544ab57e63a1af115375f506cb732f82e061728430468eb10419c7b8adecf38979a0fcce6cdcf84b1705971118b5acdfe22406fd42dc19a85e372a23bd45a9e61000a8d91575d05caa028e23552f76621480b1697a231d2b3d71095b43a31c4ce1511937888e939b757d40a018680b588d142c7cb4744a540317bf53223f444a2c4bd8f729a91000b855c7f3083a5e2155d1f139ab750b4debb941866889431a89aa317294b43a22abd2f06a000a11b638568e1f105730581c3d4d7c315970e62cd9818a512f37a965a4b32e6b502ccf2d44054a4a968b159cf32fbe2172cadb2f82a6c07db1715ae520a2e272ca66205131aa9785ce62fb20067b8cac4100b5860155f9622c5da6118f0acd2fccc509c1cc408851b46b02eb210828c864992118009098b3728b92ee0300aaad44b85166dd7a834a81041531f51ac034386b70d619baa8600f071159a2b7cbff006158e200db12b531b611d33f99631c4c7788adaf34421641780a34c335355b8d821886b29d4a52082e98d0e65d2a2d7f1021938b266e8974f12db3f306d0ef88b5c5845971018a39ccbdabd54c1439f31e0afb96ddbddcabe13e22a186a5184b396600a6e69cfcf98a26125f8974609778c91c189a57b879ee77accba055df505e8e97ee04bab2cb0084d7161cccd152e10b5152fb75d1710d05e0cbb882b11389600c024dc40eea09a4a99ed2028a9818de130b12914580c8f7706050d64b597f64ec651e2585ef9f32c7e501477120abc4a2f3ea65c2e62c48226da8248a217666571a817c8f00658d36e009489c4455edcd30362f3af12adbbe6a5ae4da618d56e5b5927056e66138d1dca02d6810799c017ea06f26b702d636ee66baf739332dd744b792e3e188dbc7a94c6747c4a4514c90097cf52fd3f70cb8d4b6ccb168d3f72d557170dc38bfa89ee08ac59bbe60d2c7219b802b8c352f25959ee6283a4a250720bb81e420446d3710a178ee65573368205ca0f8849408bc118a9c1ef1146c4b7cc6e84f8809460e62a57ae66820a17502d5a8c80fdcb615d12d0e0d285539cc36470483f3989ef9b5a04e478631b2d0ae72bb5ee1ce0144771ca04ad8f30255505cb514b1a7712895897986e9cf12928d3c430efea152b960a28e096f27d11d2c3ee5797dcabaa4b388f10c5985444c531596cb2e1929995942dd3dcbcffa8e4338ea256352a9691dca8a706160caa196c9b42f17b658a28067c9d4c36af6767702eb0d54b895684434a4ac30bd44d5b862c0c4b1b874f70552882b9205401a0f98edc98264350205ea3a5518b5576fe25800b2a1008f3d428100752aced002b551c2c91caac8ff00a8da496a8582e91b2c3716c151c9d4564209e988846dbf0f55326a7f4890563cc76d41a0f30dabcd40068963c7e661cb7f51abab3c4726f33254b1ce5d6258dcada34fb8d26a7813f72f36e49795d1316573291d452eb1e22342b1bc8c543a2ba60c6383af114b3a960943655788c05b430dee0d2ad7398681e2e510b8eaaa2b432c7604c5540e99e9f3332ea35acd412dc751f462e635e62280970840157f13215e202b88a36aa29bd1cb5b8ab0873a3b9762c9ce3712cbe0f9f3018d8a71b8e8a4563d40a9e27c91ee3c42f7382e9e266130710c15d665be6ba96565663435ee5bc329dd311f2752b177a62159944aa95e594f728aba6655263a8edf76451c0fe65968f1173770c88eaf7054d69bc4acab5d76ca28aa7a8a42349a4e085a90c315cab7786100ce4db1d035ce667587dc154b96014d622e65bdc48282875996d3894aa62a55cbce61e2254f44a160dded95887305182ae20a557b9e2fc4c98d431487d4306a1f74599badcb315b5e20bb163b9a66a7641a1c71045a7e658701ea521493e0980aafa9662ee65a6a5cacfd929d12ce49676cbb7152dea7027ee59bdd4a496af71a3cc56f179956ea692d62da678e60d599f7052b23b2189a51d372db696bdc1b7958401f751da0330a41d4779b63a0065050e3a81ba5c771a3bdcef5fccb841dc7145cccf6993508a9d4e7dc79b7b842304d309ddea009e656eabe656e637100db0dbc6251557c476133908a8a29c4b05a37d41b14bf72814878a94719274bfccb2e1fb97329728b69118dea5ddea5094928cee55e2e6138943b3f329e652b8965e225b4b1b722e5ac4b5c5bea5cd6e570b28aa956d412b2f3d41d50bbdc50d5cb0a63771d85621a462c198e9bc752b4950dfe2205ccc3435f31aaec830193b8a2554dff007020041aa0de22a30663788083714787b96867332e51a0b846d8ee09752b1814e7dc5016c5cca7644291fd44035994d94c685b513c3a948e1bf72dba628ec43c4bc58e7cc1f4cb1bb2bbcea51dd7ccc70ca43865819bfa9f7f73132ea3375fa9a1bcc62aa36af3fe00154b9416e7a7a8b6e6208345b98a2de87a962d7d4b0d97d4ac9da5c783cf1e23a42a5419981bf8810de652ddcb8967d4ba9857a8d6230779950d6e05c92362abee0b2c9911b82d54ae8f72b6f9ee5ae577bf10450ac6ed2d40aa98ed802d30dbbd32dab46094bc3511584b8a2e69956a4fa8d6857e2566c623b0252f19e256691956e53e49cebea37d9e62a17517b96d4bc6467f589a4aca1c1cc71a17e6351a9cf188b56fe25ae499cdea2296608a4537ab9764fa9545cc7316d42417c45802ee105dc2c779897598fdad070c3680f64b431f983399798ed82bb886a9c306806ae320dc216cfcccd7701b54a1932f32f905cd68ee25054cccfdc34dca55330dee5ebca620555db28155f31aba3ee584a73dca4ccb4352f599a98664cb2e57c4bce69b9639c7dca0d352b91c5e223ac336cd9f315bc2cfeee78a9a6e7147dc4d36b2d5d60d1dc2aed3710283ea6f0ca2a8f9950a82da68f3290cde631a5d8d9996ed286a2ba86c0635bcff00c8360e5e654bb74a43096a9921528845b29ee2a179060342e608282f509544c9a822b9a9a51cc6158ad10391c665d598e48083cd64b95696f9b8e1969e21534dcc36451e1ce63428dcb3b2a725bf64e06a20eeea21786556a562f1f711aa47e2578889cb3e65b4389a66396372ccd37997e0fa9596577316ee218ab83236ee5874cb42cabe99452aaaf0128bd1e2e22bb2b1dcd0672f329bb5a9a33f133675c108e841e331c494aaf897347788486297052b29a0e08885bf9829738f72da437144c0dc71b2af2753097043c3a9ca83a8a0a31b8198a7a96aae2014772c835c32d88f33783ee542a801cc502cb6176b2625130c76e43077103ff650e053e712acaec59733a941cebb3fc1ba43dca7231b57ee28364a5ea58dca3572bc9f7020d9ea0720822e17a95d9f863da34f515d26a5462b77ea2668a94779ee263d42dd9a9421228d4a05de99a70ebc4430ad82de8ea5d42e7cca44fa94595c45b37c4be356e2e5e648e39bbaa3b629a5a4691d8fa861acd402679f3334709d4e46af5517786a542dcc15148e5f51374d1880509f72e159195ae3dcc2f894985be6285dff00d8ce65ef7c04ced62c6aa5935a948ed3d44aeef1061b96e49b56653772a98659d12d192ee60c8a4ac6ea25f4dcf1125a611f895b5af12df11d2efd460b1d4c6d0be255329d47d35d909b8144d47e0ee1acd54ac328be4ed8a1819e5799934d65c7c4b50f7cf9861c964aa69af1dcacb5d0dee6a2f3dc64972edb658ea5914d32edb05511323667f70d144725bf3e61200706e2c0eb912a3217c31d11c03b7b6b3f3160dae462b2950d0dc6507d42580be886aa0b0462325394a97abc9b80aa8d1cc0861e6600d46d696697109052f80cdccd4abf71511c6c18a5a895d914babeb11c6ff08d3c4a55b138b3ea6bb250ecf528d2c4b6cbe980acdca3819576fbf302b017cb2a1d45af6112d22fc62006d1c78612ed9bc117816988fb6db7465208acaf925a0f5888850f199c359ea00c301e994a0d097e27715370c744d242429d73291fc4415469e65594912a7158819a34653f244c48696b4f51301452993e65f0a192ec63f2b4714733294d179750529813bcebdca388550dd68951245025fee3032cb66e8e8950c1462e5ab436e59a7f9868d8b5a8e9977aa752a942d8d772d0d13cc21016ca5cc539bc895abb781730f415c31862582921b3948a1cbf8975c07ab8b3359ea535afc4b7f59596e55ec8971f997e73283a9b2c2bdcdb572d850025f302a1c1e9801053b89c429cb5996652268652b32631a858c2eece18a5a622d4250c943d100b9b1f12d2d62f0471f225950387b312f34d10704f898539d8e7e21152d270c3bc377dc11cf646453ee27075ea5391294d3ff60572160b6cac5420028d2efd43200a3065f70cec5e52f3f50430c097c5466552a0bd1dcb681936f72eb7c730095ef104b0466180ff00515c8c8531d2cc67b8e8bcbdc05762c21c4aa26cbb187c05f554c5a58e79b8e5d0f0a5fea659627084ba16f3cce08ca7fdc4b2db22629a897c63a9528bab89c5fcca46535ee535572cf1329e217530eedf9197d554691b9810bd6c20f101c04a7271b9ab0a61e98a288729044004d4aa6b6910010e58db7cdeaa61a78e47111705365f7106e8be6a2528a41a4af88929c3cbc4507d387b21922577729a9978c4153bc6602a43e662863214ba1d1ced86a0041b2c0b4bbf32dc45963b7880900abb6c8abb6cd8057cd474b4ae55caff004831653b5e231d10cb1168c2608a6d96e4db9533f113b0395f2fb8571b322712bd260d3e239818bb82e936584ac1c3122d1b4c23989552ee28b29bdf886c5c68d4bdc9a986c94bc2cab9bfb658ca2aeb11c3dca38cb2af826d921683516cc54fef12ccd2e433f52ae84be929821400d0e4fb87c121b649135eb9fa820a4b858ddcc40a1e331ea6c4b0a99d942f047364308405ca9e578652c6292c5c475556724b6eb329d3f1145e1d4110349aff00904ba0692b64140bf3103006235b5925fa67ccb959e1b87c2e58b6b38d7c679818309a3b5e2f3e2ea28b856f158cc51472419968e5834f618caac50cca18dbc4ac3114b6a1a600008569f10050e7c47701c1e3c4734538100d0c54bb1ae6a64762150ec1d4ba5215c11606a97882a0df350d338b88de1f848f4a81580993996f72d29bb96332c3a9a2d91c96a2a8cf58d64e2a6a2ba0e03b8922269a82b6add5e250a04348d5fcc1c13c4f24bf2b1de62d9a80a02c5d9c91db064974100965e18b50d39ae62db4185af994c40387b89838aea2370bc9c454b1c9bcc436166cdc260dac322e39ea552877b97150c6e1a2d60e238e99b099ea58d051ea176d6b71d42bf04aadadbdf51c56916fc87fdfc45686ed41e0c4429123cbb9850f2352d83374dc4b5d57430d33f12c8be082ace7b20c942af092ed590e95d4631a1b7884138855367e65cca5cad5964aaeff00128f130e18d7054a7b8a80c665ae060b7328edfb835059846292953692d92574c5601ae196582ef571524d950a06c73c2640d5b4c58d222660b552943c44608be0802210ef571e072dac2bf5352a8142f1e2541b4e33a97436ce1ea0dba82e963c3dc04265d4724e5abe18291fcc1b04b88514a8c6ef860ae8bee0c3a898cb8e082e1f5728cbff00909425d60b89b0b57888aefd4a52542d3eab535835817f88c296ae301a539b9879870df10d6980e120d0949b8a94ba1c7a944dc10c1632d176cc68d5c55c454b42c4cd5ca76b329a97e331e152ef9963ccbf291727a9a831ccc46a6c3e130cbd9bac915d9ad8732e9a67aea2247e255e4e1e20a172d4d78b79372f0dee5682c16ef305580982a3a51e5b63a1a99dde22a36bad90512d5ea28f33a3cfccb0e6f1e2165b7e99469644c5c72a82669db30c2250c3017c77012d40bee289f0f3021ac44a36ee20717ea24d4461bd55c54bbd10506327337ac1e23476a71e69fe600a07432d5ab20a856659233a82c8b477e2022d11e981075f3e25869353317cc6178cf116bbb28235c2371bbbbe65b5744b68b3f32ef63f71ee69e22d351158659ba942e89a3173e650106fb23ca036713084bc9a62f11790e602c0f4cb15e1220bd9a9ca64da4c01c456dd67cc3c3c267dc214f31a04e5818194ab2b5082d17cc02875bf24a102ec8175ac63dc429d119d1ce2c65412a8e10c12bec41c3798697f940d13ddc3401e626811f704b6da4aac362c0cafc4484e80053299a70d8e1cc13fbd41cd789a37a8ec29b52bddc6603c297d4a800cd6606f0d7894a0b5d40039cd38d44bbb1142652f0059f11b812aff00dc7103ccc970ca8cf1514abee50b5dca2d4ea60751ee6dce6600094baacf70e20a2da959bccc772b6819f314558df31d144e3b97bb54d278978cdb441805fa940468604cf3b2106771535d4212739c6a5a856e0002da7f12c1bbc892a55910cd6b19896deda8a91697a96db79ab7c4d7a10a6f982b97813f88c1109a40b3e21ba44bcd603e209b80029fc930e80377888554f2300a883b17529050f3cc11cc451756222f8c30ab007c4aa6f219948fee578f12ddc369e0ff00b50c4831d623b15e92721b3881c1dd592f5b1b2a9798c8668aa3a236f19e731a8edb85e366583cba94067056a56b32b8c4b1cf12ca2a5f552edc857328bc8198d56b1e673852a6dd4aa025bcdc6ee21908f14c70861e58c82b3ab21b98bb52229b269ee3ac570d32f63a713b32c75e9a972c1bde61b538bbf3005d3af30286c23b2e0da80a55bcd400b82597df510b6b0662a878261b5e4e209114d8f32ba0ef0db7199169aacea1d5b9151807abe65cd942194e66115cbc40985d32d1b188d5d1f045696d4b5733124710280e19bbaee63187572fa858293cb151004df8ea3480a876ccadd2efcca0bb359a350a914bbc9cf798a018700f11b4e2f0f515d0e820ab32a4c376ddc4e89832f582bb949dc478658372d7696c440adcc4b2e4f531dcf379ea5bd31a504204105058bed44759888d6ef7e6380314dfb8dcd6f33029a03296671cc7451034394fcca2de1434e045283235ce09934fe203878e5858051bbb32444451b3129cefcca4f0e3c403913d7f8b04ea0b486153c35c92cc422d5a83583833ee66db6a622004aeac8dc62be60eb228c470a34ea3b0acf9818dc435e2a5889b5c7a954a6ac69f246c00b43a9ca03e605a6fdca320b591e61b008f2ddcac0ac623753c542844b22ef1988aec5e234458665e7355ee5f77f12ef41f328abc7dc43a252ae28a56a7efb80853fe1dd32e096ac9b2a05dad4a4b8776762ff505da1be62e8e045575ec899da696514f13e24220b1820c0aa6a1de73174e317b946c6a5d0843851d1dc158c0dd866a5154296efee044071dcb1578f30942ecd151260b0e62a51c98562470cb75503d54a9cfe659a6c5a48311cf48cbb6cff90d42c5a494eaa33bfc417a9b2044a4d7c54510ebff0058ccc14949e60bbf5cb02346b75006fe5700a654aab85743272c402ba31e206862fb85ece08addb2b443582c63b694f73358fccb7c6ba97ace67cafba9a65800a39ea063367a816d71d4bc32edc4c6ff00129ee6504255676fb8654df497dadaeae3576ab5e18ab54bea1293aee0140d20a84145166ad710587189a4536347c4355291480c0e0e23a0eb63dc25a8818cd5464101429557e2265b374622f59dc39f7a8575a62965d4129a51c3fd73168d9563031853c6e5dcbd75cc4898ba2d9a571c7896d209b18a9238c97cf1139686dbdb04828004ae2c9902e2efdc42efb2f12b588091d41a09697014075ba6366cc7598ef81741c41a43273dc41a6d31110bbbfb8342e5cb5cbd4312e5e0b858e8e03a3b8c184a7bb9879fcca6b358945ec9566496baa2643731b565e6edf53af33c1983a8e2366e068f03dc3a73e01326809919bbeea18b2fc40cadcf4f04326db5d5c609ad5cadb0d6d6338c83980e09404e162544a0a55a861601ab624d162522647b18d29aa4714c29566cb9749505bf6e22154568bc24a219d99ea58e92c609a16d05e3301a0474bdca33698214357030a78b2041c5a9028378ea15cec8ab78158141cf242d4314de580d38a2ee1b94e35072b0682223fa8a5c445343bf12960d663b40aaf1c4095edf51de4a5d1d4cecf33c0256b224ac61667b8a85dea65733375129dc7c40e9d41796895e625d961cdf301788250c4a54b30358a848a8af982ad75c42a50cb05bab9571a94402e79b8a56d8150975b80ae2f047142f2be68d11bc69223fddc49b28eeb52c266e8a51dc68a8d178a6311745b88d4b8d0f5143644406b0e9964116d331f01c8da3cc4646d751174dd06496032225d92dac754cbcdc341a4cfb868b5f232a182b4f72d0967ab809651a23c298086b6e6e314a6cb4ea335664fc4a41ee60d5c5ae731594f3b8e2acd9886f61dc13650dd401e788aa7798b309eea5eae69752cebdc6001c6e5f4cc582ee055097969957b802dcb3e0fb8e658ba6fb80377a75134068bbea5dacb30500c0712f55b416c368640bf318a458310707b9734687d45b2a0dfb804858b460bbdb008ad8b2a901dd2e58b7555d5f102ab8bbc9dc68d0311008355561457fa815a366d85a25ad37e094b8fa8caf63c450778e31a82aef72d549c66a5e6ae653301ab1849556cf30c997b1c908d260ce25d6d5ad87110b4eba83585b783af315555572ac33cf98b06232dca2b1cca772dbae2106d2ce200b4e5da44686ad96ae7996ac6aacdcbc4bcdf3d473a6262a8bfa86c7445142a7a9737f70d14ccc367b0b5c4540e7598a14bac2bc476db87a6596e5ca728fcc1029d012d552dcb984b2eef98749cf2dc6565071a2ae2d928302e3fba8acd61d90c5b694b0e6ff00102d604700e58f07a602b008535188b725622602dddef77dca0514bb4ecea577605f1000a6c7528414bae22670fc4bbc5eb539b97bf334d71324b47277281a376ff732ccd2d5509b1ac6a5ae546538630bb2bb79814556a5065dfd25145ccdafcc10adf705b565641a537513956f21dc5578ce0ea78b6a67e3a8b8aa85d62d8b45f32f2e5990ea65985ce2737051619ee69a97ee5b2eea7b388b000231fcc143d5b732c70b8f1297906a16a2f197f88d90e5e3a82a2de91975b6b05c7a5685ca7500dc7038fa6200c56086d48ee015290c798166c15069ba2ef51da0fc54038360e18d060b2fcc71684bb58b76ba7032da6b0ee205ea28b7cf7291d4dbbb2186b12e0d23579e63dc7260a8010b8aaf12992b1b218886fb85d1fc4ba53cc402dd310143adcb2c7172fa62b76fcc452dc45d407715e4070e89765fe65d199663ccb3b7e6586462def24a804b1bd92dac96f9816dfdc1d057e66ba304af44712d0bbec2e2d6642aeb700d2d568b895c089b5872a980bccce4a23c1d40403e4ee2cd67fc996da168f4731689650bfb96e5e6f1e20b2951cf217505e0384d24b410d30a42e028c13165267a65282b7ccb9415b19a814029a5adfea7411939186d12eb66d58db435ea617045a2b982720c5d30a605b51885d2d35083a8d1e60eaddf23fcc6aa2e071e226f3f0cc4d45a5125add33a2f3308e1144ad6231468db5cc4a2be8ea567112ac08ddb8f5329a89cea5e32cabc9326525bb968f50bab5962e197466a7c2284356867ea3d95a14f59876be8f719f01c1dcc142aeb2acb05c7300a5cbd46241e65140cb823b7002aa54cd541fcc102008ee3b6609497bc7310262ab0d62553b81779f50d220c749a30a52ca4405a2cd44ca4e14b9f888872abbc9710bf1ea177a2808cb0ae5e62dbae26ff00c1bbdc10ccb6c7cc31156ab7ca665cc400a7bf0ca2a83357e200f61a7b985ac8458f331c8cb8cb3820a3105c42858eeb76c596c9a72dcb2e55e48e34a45a3fcc16f30d3895dea55b8660be25375705824c0ccf846bb041fee2925adb47509939fa8956b4f04a0cb70adbe21b6d5df9849f3b496400d6d5e6234a0516f1dcb5d396f32c1696ae059c38ba2391410b16572a5b05618aad96c0fa8aada28240515759a9656913a9a3dbc6952c986cf3a8f485439155dca065562e7cd4c4d1be60ea591cb7a73e4ea1184d2d7858a82f0bb8315aea2d98e3716732e9a884adc5c608b0e65f3670688772b988bb2e2cb2fccb7b9c5cab2995a9c61969a872cab2977a8e3358ea5d35dcad5cb7733635655f040355db86a671543c4041297285d1b312c4294d54ad066b71394b5c0bcca6c857644bb14477152c5dce8bdc7052eba82d534e72c55045cee8ea052c365b74315b06411b7863aa64366194363bee523bc9fb865386af511d207411d65cfa9c5db531dcd30ff14b90974d437973c3182522cf07fee61d0e5bbb8b426c4b16070cd5e3c44e4671b9965a10d339a8d55b332847970cc1ccbeb32aab1be672cd4502d99b87ee19179eae67b990e2fb8d7204c1aea21577a898a651db05e7545f9ffc838a01c06a5d5de68f1012f3e2a5c2946563466b6ea360ab9ec21ca4a2899f5921dd64a0956d7dc58a59361193621b2b5192811d89995145a55a744052393807572f480e2d6faf51584b500e0cf1053834e620e6f354b0432965e4ee342b40a72b0928c0f2458b77d1340759ff0017d7ccba2a87e60d649e7cc4073cccf322d3eb98ac0d865f129bac4b13861295bdd4b12c43c4b6e93d45f506ebd4052a0b7cb18229cb3ef1008f7799a614eb5d4a5aa71fe2999eee185d0cb1a0f8945e99bd7ea0416171632fe25e3539037330f21cb672c549c5f12d43359d10b68bcf729a5eaae0012f9dca0bbe34f71d8d9c5adee03306568c68b5defb8468b5a2ddb2ca31cf1704e00e6e5dbc0dd4490010ac3b9696b3e4e858cb954b3bbaabfd47b0dae20e7d7e672e596a2556c8b4f37bae622a0b52991927a9559e7a9769151aca173412837b9671e77283761492d14282e078f12c0129721df705692be20bd352d48e139862b6e219d1b5efc4ad47032bcc5216af078897eba9545c16ea88e4aa80b5ba82cf1d4a05caad4a2f7298e268d19205bf33889479ff00044decc970c9db44d0008f1d43c09fccb1a3d405acf1f72c2c29f2ca845a8166315aadd5b2aa2942e88320a06cc4a5169431bf0c04ea1db351549c39a649550c98b4a82716c50bad6f12c0d61dc1c55df534ea731b13091f151480030f475105a0aec805c609593343b7a945b9c70cf4c5b06d126f750de197254598e6236368052ee5d013d24a365e16c8800e535e6072b630d5c92dc0b4332e117652a0064a56899a40de60d35155cb5d40a724ac562fcb281b8b1171552c1a582ae332f578838db99a67b9667c44f3fe06cf66888551a940a6cc66b9892aed1d32b374660140a34c4a1628eef980e508276ffc8ad9163bf309c260adf32f10ad7082d6c5a178a97634285688b29dc21dfb58ebaab950cfdc3c128725d890137db970c1ee280764aaf72dccfc54b6c6c00fadc1b55555ea2cc8bc012928bd4b9aa888d3fe06b239e267bb803b3336e8ab7d40ad296798e6dc0eaa5869a4102550ae622c67b982cb52b10416ae8cf97b8b02b74a53346528af13064bb2e000edc9110c930b84fb9655c1bc316b32f1173550e332c4dbf30724b5259c4527dc53160b9c45bc31099562a3988ac9ea6db715cc36957557b83edc2b747fc8a1742d89a25602c36b11712aecbd78854428c3d4405404a4da3313016e8712b554730a0a1daa3c340e0bbbf3e20012800be3fb7118851e61a72bb6529596a606dac2f79a7f198c506a447b60806adb800eb1186ddb98141c67a94f53178954e6611db9971e43457100aaec274d6e0ba234fc2250b5b78ea5c3754d9e23975a2a863d9ad36b00598746c227f3fc4b52530150d3101e45d87e3ea29347c4537f12a9a979aa9b2bbe600562595fea3bb97490c982aa1678978974e6a58d7f8140c0703154eb7e65805e58acf8838c2df7078ac3ccc69a41a46130d32bed613b69132f11620f38273cb9b4653a11e435f1001a9349bc43042865798eb1dad7fdcb531e5d7c4446ab3e25d600bed88281f37cc48abf10f28180adb79fd7e615169482cc71fee5c402096f35018737b8ab5ef988a4c89ff62da5a0ebfbf11581cd4a3671cc28967041a2ac68f5dc4608440f75533e5ad47b1ff933c000028f100e215767106a16bb7a99dc8bb7a8228d437a72c104423b12e95482d6aa037cf3f27232955b2adabcbdc7eb2d354c5564c8b9f50bae352ef898a6e294ff00532218951a20871f88a3a62590bf88b1aa88dea0b1594dc6579062414e2056ea1ab0e3772f95711086530b063280017c46c59a25c80710f4144b1364450a0d996288889bb894c02697d17b83959b3d2a283836b2bf7c434aef15d4a01b3335b5d45032ad10c5656d5aeff79803028499d57fefe21b05603cbff8c15e4bf881792e5d4761fb9614b4f5ea554a0446e34e1a65422f04140dab35c40245514e2e941f07ee2550a059d2ee554377dc569b95b5ccaa014d71120db88c15a0ee6c70ba094577437997689f7cff00ecb2aad8257989770d133005b8637073af822b837e208a20868c4b295f1054a31e25175f8959503e65514622e7e89b3dcda69f138ce1f51dfc334fa27e5cfc227e07f100a839e23b26bf646152edfa26af734ce59fca657f4fdcc02b197ea7e57f73f11fa8ed87f13f5339cff5fccd9f9ff1bfe26ef8fd119b15d7ee72fb8db7bff0d589e6ff004871ed9b33a86fe19b7f874cddf7fe3f5cfdd34cff005fe0ecf986fe66af70fd23b9ffd9, 'image/jpeg', 7);

-- --------------------------------------------------------

--
-- Estrutura da tabela `funcionario`
--

CREATE TABLE `funcionario` (
  `id` int(11) NOT NULL,
  `nome` varchar(255) NOT NULL,
  `cpf` varchar(11) NOT NULL,
  `gerente_id` int(11) DEFAULT NULL
) ENGINE=InnoDB DEFAULT CHARSET=latin1;

--
-- Extraindo dados da tabela `funcionario`
--

INSERT INTO `funcionario` (`id`, `nome`, `cpf`, `gerente_id`) VALUES
(7, 'Lurdes Boça', '74832651489', NULL),
(8, 'Wallace Guilhermino', '65478932145', 7),
(9, 'Edson Wander', '54698715324', 8),
(10, 'Cláudio Ricardo', '45667789442', 7),
(11, 'Neo Labaque', '54789634128', 7),
(13, 'Renato Noiadão', '56842365142', 10),
(14, 'José Canjica Martins', '24862486248', 7),
(15, 'Carlos Calhorda', '24321589654', 8),
(16, 'Chaves', '57352187256', NULL),
(17, 'Sou Hype', '23423422342', NULL),
(19, 'Jaqueline', '12269736044', NULL);

-- --------------------------------------------------------

--
-- Estrutura da tabela `genero`
--

CREATE TABLE `genero` (
  `id` int(11) NOT NULL,
  `nome` varchar(255) DEFAULT NULL,
  `parent_id` int(11) DEFAULT NULL,
  `lft` int(11) NOT NULL,
  `rght` int(11) NOT NULL
) ENGINE=InnoDB DEFAULT CHARSET=latin1;

--
-- Extraindo dados da tabela `genero`
--

INSERT INTO `genero` (`id`, `nome`, `parent_id`, `lft`, `rght`) VALUES
(1, 'Narrativo', NULL, 1, 82),
(2, 'Lírico', NULL, 83, 98),
(3, 'Dramático', NULL, 99, 106),
(4, 'Poesia', 2, 84, 85),
(5, 'Ode', 2, 86, 87),
(6, 'Sátira', 2, 88, 89),
(7, 'Hino', 2, 90, 91),
(8, 'Soneto', 2, 92, 93),
(9, 'Haicai', 2, 94, 95),
(10, 'Acróstico', 2, 96, 97),
(11, 'Romance', 1, 2, 11),
(12, 'Romance de Aprendizagem', 11, 3, 4),
(13, 'Romance Policial', 11, 5, 6),
(14, 'Romance Psicológico', 11, 7, 8),
(15, 'Romances Históricos', 11, 9, 10),
(16, 'Fábula', 1, 12, 13),
(17, 'Novela', 1, 14, 15),
(18, 'Conto', 1, 16, 17),
(19, 'Crônica', 1, 18, 19),
(20, 'Poesia Épica ou Epopeia', 1, 20, 21),
(21, 'Apocalipse Zumbi', 1, 22, 23),
(22, 'Autobiografia', 1, 24, 25),
(23, 'Biografia', 1, 26, 27),
(24, 'Chick-Lit', 1, 28, 29),
(25, 'Fantasia e Fantasia Científica', 1, 30, 31),
(26, 'Ficção Científica: na Literatura e também nas Revistas e Gibis', 1, 32, 33),
(27, 'Folhetim', 1, 34, 35),
(28, 'Horror', 1, 36, 37),
(29, 'Literatura Brutalista', 1, 38, 39),
(30, 'Literatura Fantástica', 1, 40, 41),
(31, 'Literatura Infanto-Juvenil', 1, 42, 43),
(32, 'Literatura YA – Young Adult – Jovem Adulto', 1, 44, 45),
(33, 'Metaficção', 1, 46, 47),
(34, 'Neocrítica', 1, 48, 49),
(35, 'Novelas de Cavalaria', 1, 50, 51),
(36, 'Paródia', 1, 52, 53),
(37, 'Sick-Lit', 1, 54, 55),
(38, 'Space Opera', 1, 56, 57),
(39, 'Suspense', 1, 58, 59),
(40, 'Vampirismo', 1, 60, 61),
(41, 'Literatura Gótica', 1, 62, 63),
(42, 'Literatura Esotérica', 1, 64, 65),
(43, 'Romances Espíritas', 1, 66, 67),
(44, 'Literatura de Auto-Ajuda', 1, 68, 69),
(45, 'Literatura de Negócios', 1, 70, 71),
(46, 'Literatura Steampunk', 1, 72, 73),
(47, 'Literatura Cyberpunk', 1, 74, 75),
(48, 'Literatura Espiritualista', 1, 76, 77),
(49, 'Literatura de Aventura', 1, 78, 79),
(50, 'Literatura de Guerra', 1, 80, 81),
(51, 'Farsa', 3, 100, 101),
(52, 'Tragédia', 3, 102, 103),
(53, 'Elegia', 3, 104, 105),
(54, 'Poesia de Elfo', 4, 107, 108);

-- --------------------------------------------------------

--
-- Estrutura da tabela `habilitacao`
--

CREATE TABLE `habilitacao` (
  `id` int(11) NOT NULL,
  `numero` varchar(11) NOT NULL,
  `categoria` char(2) NOT NULL,
  `funcionario_id` int(11) NOT NULL
) ENGINE=InnoDB DEFAULT CHARSET=latin1;

--
-- Extraindo dados da tabela `habilitacao`
--

INSERT INTO `habilitacao` (`id`, `numero`, `categoria`, `funcionario_id`) VALUES
(1, '78495162354', 'B', 7),
(2, '99885523654', 'AD', 10),
(3, '45687512598', 'C', 13),
(5, '12396348525', 'A', 11),
(6, '21575698423', 'AB', 14),
(7, '14785236548', 'C', 15),
(8, '23484562848', 'AB', 16),
(9, '44334345345', 'C', 17),
(10, '95685512398', 'B', 19);

-- --------------------------------------------------------

--
-- Estrutura da tabela `item_pedido`
--

CREATE TABLE `item_pedido` (
  `id` int(11) NOT NULL,
  `pedido_id` int(11) NOT NULL,
  `livro_id` int(11) NOT NULL,
  `quantidade` int(11) NOT NULL
) ENGINE=InnoDB DEFAULT CHARSET=latin1;

--
-- Extraindo dados da tabela `item_pedido`
--

INSERT INTO `item_pedido` (`id`, `pedido_id`, `livro_id`, `quantidade`) VALUES
(1, 1, 1, 1),
(2, 1, 3, 1),
(3, 2, 5, 3),
(4, 3, 3, 1),
(5, 2, 4, 2),
(6, 5, 1, 2),
(7, 5, 2, 3),
(8, 5, 5, 4),
(9, 6, 1, 3),
(10, 6, 2, 2),
(11, 6, 6, 4),
(12, 7, 8, 2),
(13, 11, 9, 6),
(14, 12, 1, 8),
(16, 16, 1, 10),
(17, 17, 1, 5),
(18, 17, 4, 10),
(19, 17, 6, 15),
(20, 20, 4, 4),
(21, 26, 2, 5),
(22, 27, 2, 5),
(23, 28, 4, 10),
(24, 29, 2, 8),
(25, 30, 3, 42),
(28, 32, 2, 1),
(29, 33, 7, 20),
(30, 33, 3, 5),
(31, 33, 1, 2),
(32, 34, 6, 5),
(33, 34, 8, 10),
(34, 34, 5, 5),
(35, 35, 1, 24),
(36, 35, 3, 34),
(37, 35, 6, 88),
(38, 36, 1, 24),
(39, 36, 3, 34),
(40, 36, 6, 88),
(41, 38, 1, 3),
(42, 38, 3, 5),
(43, 38, 4, 44),
(44, 38, 9, 66);

-- --------------------------------------------------------

--
-- Estrutura da tabela `livro`
--

CREATE TABLE `livro` (
  `id` int(11) NOT NULL,
  `titulo` varchar(255) NOT NULL,
  `preco` decimal(18,2) NOT NULL,
  `isbn` varchar(13) NOT NULL,
  `edicao` int(11) NOT NULL,
  `ano_publicacao` char(4) NOT NULL,
  `editora_id` int(11) NOT NULL,
  `genero_id` int(11) DEFAULT NULL
) ENGINE=InnoDB DEFAULT CHARSET=latin1;

--
-- Extraindo dados da tabela `livro`
--

INSERT INTO `livro` (`id`, `titulo`, `preco`, `isbn`, `edicao`, `ano_publicacao`, `editora_id`, `genero_id`) VALUES
(1, 'Sucesso na Vida', '39.99', '123456789112', 15, '2012', 1, 45),
(2, 'Brincadeira em Excesso Virou Bobeira', '44.01', '9876543211112', 2, '2015', 2, 22),
(3, 'Fazendo Bolos com CakePHP', '89.95', '3216547894561', 3, '2017', 1, 47),
(4, 'Vamos Investigar?', '63.22', '7849516236295', 2, '2014', 2, 28),
(5, 'Portabilidade Manual: Um Tutorial Prático', '100.99', '4568521597534', 2, '1997', 2, 18),
(6, 'Brazil Mulambo', '9.99', '1236547562111', 1, '2014', 1, 11),
(7, 'Tudo pelo estudo', '1.99', '12345678965', 1, '2002', 3, 23),
(8, 'Quem Cedo Madruga Deus Ajuda', '55.99', '9157357561', 5, '1997', 1, 13),
(9, 'Madrugando', '18.89', '5485315675165', 10, '1991', 4, 8),
(10, 'Eu entendo seu conceito mas não concordo', '2.13', '4534535325245', 2, '2017', 1, 21);

-- --------------------------------------------------------

--
-- Estrutura da tabela `pedido`
--

CREATE TABLE `pedido` (
  `id` int(11) NOT NULL,
  `data` datetime NOT NULL,
  `cliente_id` int(11) NOT NULL,
  `funcionario_id` int(11) NOT NULL
) ENGINE=InnoDB DEFAULT CHARSET=latin1;

--
-- Extraindo dados da tabela `pedido`
--

INSERT INTO `pedido` (`id`, `data`, `cliente_id`, `funcionario_id`) VALUES
(1, '2016-03-01 00:00:00', 1, 10),
(2, '2014-12-11 13:00:00', 2, 9),
(3, '2017-03-30 06:30:37', 1, 7),
(5, '2017-03-26 04:34:00', 1, 7),
(6, '2038-03-27 16:47:00', 1, 7),
(7, '2017-05-22 12:55:00', 1, 16),
(11, '2017-05-25 15:07:00', 4, 16),
(12, '2017-05-26 14:09:00', 4, 11),
(16, '2017-05-26 14:26:00', 1, 7),
(17, '2017-05-26 14:28:00', 2, 10),
(20, '2017-05-26 15:14:00', 1, 10),
(26, '2017-05-29 13:04:00', 4, 14),
(27, '2017-05-29 13:04:00', 4, 14),
(28, '2017-05-29 13:05:00', 3, 10),
(29, '2017-05-30 14:49:00', 3, 9),
(30, '2017-05-31 12:44:00', 2, 14),
(32, '2017-05-31 12:49:00', 3, 13),
(33, '2017-05-31 12:53:00', 4, 8),
(34, '2017-05-31 12:53:00', 3, 15),
(35, '2017-06-19 19:00:00', 1, 7),
(36, '2017-04-19 04:07:00', 1, 7),
(37, '2019-03-24 00:00:00', 1, 7),
(38, '2019-03-24 00:00:00', 1, 7);

-- --------------------------------------------------------

--
-- Estrutura da tabela `usuario`
--

CREATE TABLE `usuario` (
  `id` int(11) NOT NULL,
  `login` varchar(150) COLLATE utf8_unicode_ci NOT NULL,
  `senha` varchar(50) COLLATE utf8_unicode_ci NOT NULL
) ENGINE=InnoDB DEFAULT CHARSET=utf8 COLLATE=utf8_unicode_ci;

--
-- Extraindo dados da tabela `usuario`
--

INSERT INTO `usuario` (`id`, `login`, `senha`) VALUES
(1, 'maria', '123'),
(2, 'jose', '456');

--
-- Indexes for dumped tables
--

--
-- Indexes for table `autor`
--
ALTER TABLE `autor`
  ADD PRIMARY KEY (`id`);

--
-- Indexes for table `autor_livro`
--
ALTER TABLE `autor_livro`
  ADD PRIMARY KEY (`id`),
  ADD UNIQUE KEY `autor_id` (`autor_id`,`livro_id`),
  ADD KEY `autor_id_2` (`autor_id`),
  ADD KEY `livro_id` (`livro_id`);

--
-- Indexes for table `cliente`
--
ALTER TABLE `cliente`
  ADD PRIMARY KEY (`id`);

--
-- Indexes for table `conta_corrente`
--
ALTER TABLE `conta_corrente`
  ADD PRIMARY KEY (`id`);

--
-- Indexes for table `editora`
--
ALTER TABLE `editora`
  ADD PRIMARY KEY (`id`);

--
-- Indexes for table `foto`
--
ALTER TABLE `foto`
  ADD PRIMARY KEY (`id`);

--
-- Indexes for table `funcionario`
--
ALTER TABLE `funcionario`
  ADD PRIMARY KEY (`id`),
  ADD KEY `gerente_id` (`gerente_id`);

--
-- Indexes for table `genero`
--
ALTER TABLE `genero`
  ADD PRIMARY KEY (`id`),
  ADD KEY `genero_tree_parent_fk` (`parent_id`);

--
-- Indexes for table `habilitacao`
--
ALTER TABLE `habilitacao`
  ADD PRIMARY KEY (`id`),
  ADD UNIQUE KEY `funcionario_id` (`funcionario_id`),
  ADD UNIQUE KEY `funcionario_id_2` (`funcionario_id`);

--
-- Indexes for table `item_pedido`
--
ALTER TABLE `item_pedido`
  ADD PRIMARY KEY (`id`),
  ADD UNIQUE KEY `pedido_id` (`pedido_id`,`livro_id`),
  ADD KEY `livro_id` (`livro_id`);

--
-- Indexes for table `livro`
--
ALTER TABLE `livro`
  ADD PRIMARY KEY (`id`),
  ADD UNIQUE KEY `isbn` (`isbn`),
  ADD KEY `editora_id` (`editora_id`),
  ADD KEY `livro_genero_fk` (`genero_id`);

--
-- Indexes for table `pedido`
--
ALTER TABLE `pedido`
  ADD PRIMARY KEY (`id`),
  ADD KEY `funcionario_id` (`funcionario_id`),
  ADD KEY `cliente_id` (`cliente_id`);

--
-- Indexes for table `usuario`
--
ALTER TABLE `usuario`
  ADD PRIMARY KEY (`id`);

--
-- AUTO_INCREMENT for dumped tables
--

--
-- AUTO_INCREMENT for table `autor`
--
ALTER TABLE `autor`
  MODIFY `id` int(11) NOT NULL AUTO_INCREMENT, AUTO_INCREMENT=18;

--
-- AUTO_INCREMENT for table `autor_livro`
--
ALTER TABLE `autor_livro`
  MODIFY `id` int(11) NOT NULL AUTO_INCREMENT, AUTO_INCREMENT=26;

--
-- AUTO_INCREMENT for table `cliente`
--
ALTER TABLE `cliente`
  MODIFY `id` int(11) NOT NULL AUTO_INCREMENT, AUTO_INCREMENT=5;

--
-- AUTO_INCREMENT for table `conta_corrente`
--
ALTER TABLE `conta_corrente`
  MODIFY `id` int(11) NOT NULL AUTO_INCREMENT, AUTO_INCREMENT=3;

--
-- AUTO_INCREMENT for table `editora`
--
ALTER TABLE `editora`
  MODIFY `id` int(11) NOT NULL AUTO_INCREMENT, AUTO_INCREMENT=8;

--
-- AUTO_INCREMENT for table `foto`
--
ALTER TABLE `foto`
  MODIFY `id` int(11) NOT NULL AUTO_INCREMENT, AUTO_INCREMENT=2;

--
-- AUTO_INCREMENT for table `funcionario`
--
ALTER TABLE `funcionario`
  MODIFY `id` int(11) NOT NULL AUTO_INCREMENT, AUTO_INCREMENT=20;

--
-- AUTO_INCREMENT for table `genero`
--
ALTER TABLE `genero`
  MODIFY `id` int(11) NOT NULL AUTO_INCREMENT, AUTO_INCREMENT=55;

--
-- AUTO_INCREMENT for table `habilitacao`
--
ALTER TABLE `habilitacao`
  MODIFY `id` int(11) NOT NULL AUTO_INCREMENT, AUTO_INCREMENT=11;

--
-- AUTO_INCREMENT for table `item_pedido`
--
ALTER TABLE `item_pedido`
  MODIFY `id` int(11) NOT NULL AUTO_INCREMENT, AUTO_INCREMENT=45;

--
-- AUTO_INCREMENT for table `livro`
--
ALTER TABLE `livro`
  MODIFY `id` int(11) NOT NULL AUTO_INCREMENT, AUTO_INCREMENT=11;

--
-- AUTO_INCREMENT for table `pedido`
--
ALTER TABLE `pedido`
  MODIFY `id` int(11) NOT NULL AUTO_INCREMENT, AUTO_INCREMENT=39;

--
-- AUTO_INCREMENT for table `usuario`
--
ALTER TABLE `usuario`
  MODIFY `id` int(11) NOT NULL AUTO_INCREMENT, AUTO_INCREMENT=3;

--
-- Constraints for dumped tables
--

--
-- Limitadores para a tabela `autor_livro`
--
ALTER TABLE `autor_livro`
  ADD CONSTRAINT `autor_livro_ibfk_1` FOREIGN KEY (`autor_id`) REFERENCES `autor` (`id`),
  ADD CONSTRAINT `autor_livro_ibfk_2` FOREIGN KEY (`livro_id`) REFERENCES `livro` (`id`);

--
-- Limitadores para a tabela `funcionario`
--
ALTER TABLE `funcionario`
  ADD CONSTRAINT `funcionario_ibfk_1` FOREIGN KEY (`gerente_id`) REFERENCES `funcionario` (`id`);

--
-- Limitadores para a tabela `genero`
--
ALTER TABLE `genero`
  ADD CONSTRAINT `genero_tree_parent_fk` FOREIGN KEY (`parent_id`) REFERENCES `genero` (`id`);

--
-- Limitadores para a tabela `habilitacao`
--
ALTER TABLE `habilitacao`
  ADD CONSTRAINT `habilitacao_ibfk_1` FOREIGN KEY (`funcionario_id`) REFERENCES `funcionario` (`id`);

--
-- Limitadores para a tabela `item_pedido`
--
ALTER TABLE `item_pedido`
  ADD CONSTRAINT `item_pedido_ibfk_1` FOREIGN KEY (`pedido_id`) REFERENCES `pedido` (`id`),
  ADD CONSTRAINT `item_pedido_ibfk_2` FOREIGN KEY (`livro_id`) REFERENCES `livro` (`id`);

--
-- Limitadores para a tabela `livro`
--
ALTER TABLE `livro`
  ADD CONSTRAINT `livro_genero_fk` FOREIGN KEY (`genero_id`) REFERENCES `genero` (`id`),
  ADD CONSTRAINT `livro_ibfk_1` FOREIGN KEY (`editora_id`) REFERENCES `editora` (`id`);

--
-- Limitadores para a tabela `pedido`
--
ALTER TABLE `pedido`
  ADD CONSTRAINT `pedido_ibfk_1` FOREIGN KEY (`funcionario_id`) REFERENCES `funcionario` (`id`),
  ADD CONSTRAINT `pedido_ibfk_2` FOREIGN KEY (`cliente_id`) REFERENCES `cliente` (`id`);
COMMIT;

/*!40101 SET CHARACTER_SET_CLIENT=@OLD_CHARACTER_SET_CLIENT */;
/*!40101 SET CHARACTER_SET_RESULTS=@OLD_CHARACTER_SET_RESULTS */;
/*!40101 SET COLLATION_CONNECTION=@OLD_COLLATION_CONNECTION */;
